text,label
Злорадствуй.,4
Она предвкушала.,0
Она не хихикала.,1
Она торжествовала.,0
Цвети?,0
Забеспокойся?,3
Она невзлюбила!,4
Она не восхищалась!,4
Возрадуйся.,0
Она не устрашалась!,3
Она взъярилась?,4
Поразись.,2
Конфузься?,3
Она обалдела.,2
Не переживай!,0
Повеселей?,0
Она сердилась?,4
Процветай.,0
Она не устрашила?,3
Умайся?,2
Прогневайся.,4
Она повеселела?,0
Не восхищай.,0
Она не злила?,2
Она терроризировала?,4
Не изведись!,4
Она не отчаивалась!,4
Не утоми!,4
Скисай.,4
Она не болела?,2
Надуйся.,4
Она взбадривалась.,0
Она запугала?,2
Конфузься!,3
Не дрожи?,2
Не уважай!,4
Она не конфузилась?,2
Не улыбайся?,1
Удовлетворяй.,0
Сердись?,2
Страдай!,4
Не плачь?,4
Не точи?,2
Она не запугала!,4
Она погоревала.,1
Она не напугала!,4
Не поникни!,0
Она не покаялась?,2
Она истерзалась.,3
Не расстройся!,0
Она скисала?,2
Она не убивалась?,4
Она леденела?,3
Она маялась.,1
Не вытерпи?,4
Она терзалась?,4
Погрусти.,1
Она невзлюбила.,4
Она опупела?,4
Она не разгневалась.,0
Она не гордилась.,1
Не поволнуйся.,0
Не опьяней?,4
Она не боялась?,2
Не устрашайся!,4
Она не разревелась.,2
Не озлобь.,3
Не обидь?,2
Она терроризировала!,3
Не заинтересуй!,4
Она не скучала!,1
Не изнемогай!,4
Не восхищай!,4
Она не страшила?,2
Не убивай?,4
Не обалдевай.,4
Освежись.,0
Она не приободрилась!,4
Она не удовлетворялась!,4
Она потрясла?,2
Прослезись?,2
Она смела?,4
Не покайся!,4
Огорчи.,1
Взбадривайся.,0
Она не возрыдала?,4
Бойся!,3
Упейся!,4
Не изведись?,2
Она не изнуряла.,0
Она переволновалась.,3
Она вдохновлялась!,0
Она изнывала!,1
Она не привязывалась.,1
Соскучься.,1
Она истосковалась?,1
Не насыться.,0
Она свирепела?,2
Возмущайся!,4
Беси?,2
Не расстраивайся.,0
Не возвеселись?,2
Она убоялась?,3
Она удовлетворилась?,0
Грусти!,1
Не торжествуй?,2
Она не переутомила!,4
Она не погрустнела!,0
Не переволнуйся?,2
Она понервничала.,3
Не томись?,2
Не обозли!,4
Изной?,1
Она удовлетворяла.,0
Не бесись?,4
Она не осознавала?,2
Она поверила?,2
Она удовлетворилась.,0
Она переболела.,1
Она не балдела!,2
Не балдей?,4
Не ужасай!,4
Не балдей!,4
Не труси?,2
Она истомилась?,2
Она не дулась!,4
Измотайся?,4
Она вспылила.,4
Она не недолюбливала.,0
Окрылись!,0
Она не позлилась.,0
Она не стеснялась?,2
Не взбеси.,4
Не рассерди?,2
Утомляй.,1
Не гневи.,4
Изумись?,2
Она терпела.,3
Замучься?,4
Стыдись!,3
Она не измучилась!,4
Расстрой.,1
Она измучилась!,3
Она не утомлялась?,2
Она домучилась?,4
Не насыщайся?,4
Разгневай!,4
Она томилась.,1
Она не затосковала!,4
Не смутись.,0
Измотайся.,1
Она не переутомляла!,0
Ошеломи!,2
Она изматывала!,4
Она не помрачала?,2
Она упивалась.,4
Она травмировала!,4
Она подступала!,3
Она мечтала.,0
Домучься.,1
Надоедай.,1
Она взорвала.,4
Она не сломилась.,0
Не восторгай.,1
Она изнервничалась?,2
Не позлорадствуй?,4
Освежай?,0
Взорви.,4
Раздражись!,4
Разочаруй?,2
Она не подосадовала!,0
Не смей!,4
Переболей?,2
Не тревожься!,0
Не обалдей.,4
Не рассвирепей!,4
Она пела?,2
Встревожь?,2
Сохни.,4
Не вытерпи.,4
Она не возвеселилась!,4
Она отчаивалась!,0
Она не скисла!,0
Не понравься?,2
Она раздражала?,2
Струхни.,3
Она не смела.,4
Ослепи?,4
Не наслаждайся?,2
Она воспрянула.,0
Она ужасала.,3
Не надивись!,0
Не сломись.,0
Не повеселись?,2
Она огорчила!,1
Она не удивлялась?,2
Не опостылей.,4
Она услаждалась!,0
Наслаждайся.,0
Она поразила?,2
Она спугивала!,3
Она возрадовалась!,0
Не льсти?,2
Убивай?,4
Не скучай?,2
Она развлекала?,2
Растревоживай.,3
Разнервничайся.,3
Не серчай!,0
Ужасай!,3
Гневи.,4
Она не ободрялась!,1
Она не взорвалась?,2
Она не сломилась?,2
Не воспрянь?,2
Она настрадалась!,1
Не содрогайся!,4
Не разревись.,4
Она не угрюмела?,2
Она не удовольствовалась!,1
Она не разочаровала?,2
Она развлекла!,0
Она не унывала?,2
Она взорвала!,0
Она не тушевалась!,0
Застращай?,2
Измотай!,3
Она вспылила?,2
Она не поникла!,0
Жалей?,1
Ликуй!,0
Не потоскуй?,2
Она казнилась?,2
Она надулась.,1
Она страшилась?,2
Изнывай.,1
Она пуганула?,3
Огорчайся.,1
Она не опасалась?,2
Позлорадствуй!,4
Раздосадуй.,1
Не скисни?,2
Она не затравила.,0
Порадуйся!,0
Она не досадовала?,2
Омрачись?,2
Раздразни!,4
Она не угрожала!,2
Обожай.,0
Она расцвела?,0
Раздразнивай.,4
Она не опечалила.,0
Не взорвись.,4
Трепещи!,3
Она запугала.,3
Не прогневай.,4
Она не паниковала?,2
Сдрейфи!,4
Она повеселела.,0
Она озлобляла.,4
Она сникала.,1
Она злобствовала.,4
Удручай!,1
Не возмущайся?,4
Она не убоялась?,2
Возвеселись.,0
Не раздражи?,4
Не растревожь?,2
Изнемогай!,1
Не удивись?,2
Она не восхитилась!,4
Измучься?,4
Она утомляла.,1
Казнись!,4
Она приободрилась!,0
Напугайся.,3
Она сконфузилась!,3
Она взбеленилась.,4
Она приунывала!,1
Сторонись.,3
Она не недолюбливала?,2
Она поощряла!,0
Не дивись?,2
Она тушевалась.,3
Устрашайся.,3
Она не поражалась?,2
Она воскресала!,0
Дрейфи?,2
Она обидела!,1
Не недолюбливай?,2
Она не услаждалась.,1
Освежи?,2
Она не озлила?,3
Она забеспокоилась?,2
Не поднимай?,2
Обрадуй?,0
Разозлись!,4
Беспокойся?,3
Не осердись?,2
Она мучила?,1
Убивай.,4
Она не веселила!,1
Развесели!,0
Настрадайся?,2
Она не сломила?,2
Заинтересуй.,0
Она печалилась.,1
Она не удовольствовалась?,1
Горюй?,1
Она встряхивалась!,0
Она погрустила?,2
Не стоскуйся.,0
Она раздражилась!,4
Она разволновала.,3
Она туманилась?,2
Не ужасай?,2
Она приунывала.,1
Возмути?,2
Не опасайся.,0
Она не помрачала.,0
Она не озлобила.,0
Она заледенела?,2
Она не убивалась!,4
Она не испугалась?,2
Изматывайся!,1
Она утомляла!,4
Она повредила?,2
Устрашись!,3
Она торжествовала!,0
Она не удовлетворялась.,1
Она не загрустила.,0
Она не хандрила.,0
Не поощряй?,2
Она окрылила?,2
Она раздосадовалась!,1
Она не повеселилась.,1
Обожгись!,4
Она не изнывала?,2
Услаждайся!,0
Плачь!,1
Измотай.,4
Она гордилась!,0
Она не переутомляла?,2
Взвой?,1
Она обмерла.,3
Взъярись!,4
Не погневайся.,3
Не побаивайся!,0
Дивись!,0
Не замучься?,2
Не раздражайся.,4
Волнуйся!,3
Опечаливай?,2
Удивись.,2
Возмущай.,4
Она не исстрадалась?,4
Она не ранила?,2
Гневайся?,2
Проплачь?,2
Перепугайся!,3
Она не тужила?,2
Вытерпи!,0
Не упивайся?,2
Не загрусти!,0
Она не огорчала.,0
Она балдела!,0
Рыдай!,1
Досадуй.,1
Она не повредила?,2
Она не устрашила!,0
Она не опьянела?,2
Утомляйся!,1
Раздави?,2
Посмеивайся?,0
Не воспрянь!,4
Она скисла?,2
Не взбадривайся?,1
Она истомилась!,1
Она балдела?,2
Не подбодрись!,1
Не стращай!,4
Угрюмей?,1
Она скорбела.,1
Она волновалась!,3
Пригорюнься.,1
Не подшучивай!,4
Она не услаждалась?,2
Она разнервничалась!,3
Она натерпелась!,4
Она привязывалась!,1
Поражайся!,2
Она не взбеленила?,2
Поникни.,1
Она изныла?,4
Она позлилась!,4
Не струхни?,2
Стращай?,2
Не погорюй.,0
Разревись.,1
Она восхищалась!,0
Она мучила!,1
Топай!,4
Не гнети!,0
Разочаруйся!,1
Удивись?,2
Она не печалилась.,0
Она не горевала!,0
Не расстройся?,2
Она не терзалась!,0
Стесняйся!,3
Не утоми.,4
Не рассмейся!,1
Не сломи!,0
Хандри!,4
Она смущала!,3
Не освещай!,4
Она опасалась?,2
Омрачи!,1
Она не веселила.,1
Она не доставала?,2
Обеспокой?,3
Она сломилась?,2
Возрадуйся!,0
Не стыдись!,0
Плачь.,1
Испугайся?,3
Не раздосадуйся!,0
Не исстрадайся!,4
Она заволновалась!,3
Обожгись.,4
Она не наскучила!,4
Вытерпи?,2
Она взорвалась?,3
Она проклинала?,4
Она не омрачалась!,3
Раздражись?,4
Посмейся.,0
Она устыдилась.,3
Не взвой?,2
Она озлобила.,4
Она спугивала?,2
Она не разнервничалась?,2
Она переутомляла.,1
Она тревожила!,3
Не грусти?,1
Не презирай!,4
Она не изумила?,2
Она поражалась.,2
Не обалдей!,4
Она блаженствовала.,0
Она не посетовала!,2
Она не опечалилась!,0
Не закручинься.,0
Не разочаруйся?,4
Она не взбеленилась?,3
Не надоедай?,2
Утоми.,1
Она изматывалась?,1
Она понравилась!,0
Она надоедала!,4
Она омрачила?,2
Не стервеней?,4
Она не свирепела.,0
Не обалдевай!,4
Не ненавидь.,0
Не удручай!,1
Она не запугивала?,2
Она сконфузилась.,3
Не прослезись!,0
Она погрустнела.,1
Она переволновалась?,2
Она порадовала.,0
Она не изнемогала!,4
Она удивила!,2
Она конфузилась!,3
Запугивай!,3
Она не сокрушила!,0
Расцвети.,0
Она оплакала.,1
Насыться.,0
Она подбодрилась.,0
Изумляй.,2
Не перепугайся!,0
Светись.,0
Пошути!,0
Она не расстраивалась!,0
Погрустней!,1
Она нервничала!,3
Она не цвела.,1
Обожгись?,2
Она сердила!,4
Она не обидела?,2
Она не оплакивала!,4
Ужаснись.,3
Она не ужаснулась!,0
Она восторгалась!,0
Она не надеялась?,2
Она не расцветала!,1
Она не светилась!,1
Она не забеспокоилась!,0
Выстрадай.,1
Не угрюмей.,0
Не томись!,0
Она порадовалась?,0
Не мучь.,1
Она смеялась.,0
Она удовлетворяла!,0
Она досадовала.,1
Не хлебни?,2
Воспрянь.,0
Не остолбеней?,2
Она не загоревала?,2
Она не измаялась?,2
Она не радовалась?,1
Не упейся?,4
Любуйся!,0
Она осточертела!,4
Упейся?,2
Беси.,4
Приободряйся!,0
Она не кручинилась.,0
Сокрушайся.,1
Трясись.,3
Она наслаждалась?,0
Не изводись?,1
Она домучилась!,1
Не вымотай.,1
Не разъяри!,3
Она не подавляла!,4
Не цвети.,1
Не озли?,4
Гневи!,4
Предвкушай.,0
Она не захватывала?,2
Светись!,0
Она изнемогла.,1
Она не обиделась?,2
Она растревожила!,3
Она не раздражала!,0
Она не понервничала?,2
Не вознегодуй!,4
Не шантажируй!,4
Она не приунывала!,0
Не убей.,4
Не травмируй!,4
Она расстраивалась!,1
Она возмущала.,4
Она испугалась?,2
Она возмутилась!,4
Она опечаливала?,2
Она не встревожилась?,2
Она погрустнела?,2
Поволнуйся.,3
Замучивайся?,2
Она не отпугивала.,0
Не беси!,4
Рассвирепей?,4
Она не сконфузилась!,2
Не удовлетворись.,1
Она не конфузилась.,0
Она не просияла!,4
Она не прискучивала.,0
Она тяготила.,1
Она не балдела.,1
Изумляй?,2
Она не вознегодовала!,4
Она не страшилась?,2
Она не топала!,4
Она не поражала.,1
Не проклинай?,2
Убойся.,1
Она помучилась?,4
Она переживала?,2
Она злилась?,3
Обозлись?,4
Она не смеялась!,4
Возмущайся.,1
Она развлекалась.,0
Она не терпела!,4
Веселись.,0
Она не повеселела.,1
Она не ободрилась.,1
Она перевернула!,0
Она не настрадалась.,4
Она не унывала!,0
Она не надеялась!,1
Она не разволновала!,0
Не измучься?,2
Не заскучай!,0
Она не печалилась!,0
Не презирай?,2
Не блаженствуй.,1
Она не нервничала?,2
Кручинься?,2
Насмехайся.,4
Раздразни?,2
Она не гневила!,2
Раздражай!,4
Нервничай.,2
Она не промаялась?,2
Она не утомляла.,0
Она переволновалась!,0
Она разволновала!,0
Не вдохновляйся?,2
Изнури?,2
Пьяней?,2
Не надейся?,1
Обалдей!,2
Она не сердилась.,0
Не захандри!,0
Не раздразни!,0
Она не обидела.,0
Освежайся!,0
Она бесилась!,4
Рыдай.,1
Сердись!,4
Не обомри?,2
Она не обожглась!,0
Взорви?,2
Она освежала.,0
Расстройся!,1
Она не загрустила?,2
Она не разобиделась.,0
Не замучься!,4
Не развлекайся!,1
Не побойся.,0
Ошеломи.,2
Она не прогневалась!,0
Не обрадуй.,1
Не наскучивай!,0
Она гневила!,4
Она не вымотала.,0
Не выматывай?,2
Она не устрашилась?,2
Не оплачь.,0
Не фыркай?,2
Переутомляй!,0
Насыться!,0
Истоскуйся.,1
Не поволнуйся?,2
Она не посмеивалась.,1
Она огорчалась?,1
Окрылись?,2
Она не сторонилась!,0
Не негодуй?,4
Она не серчала?,3
Она не презирала!,0
Не раздосадуй!,4
Скорби?,1
Она порадовалась.,0
Обозлись!,4
Поплачь?,1
Не соскучься.,0
Она не надоела?,4
Она не серчала!,0
Она омрачалась?,1
Она дрожала?,3
Она натерпелась?,2
Развеселись?,0
Она растревожила?,2
Не устрашай.,1
Надуйся!,4
Не проплачь?,2
Рассерди!,4
Не угрожай.,4
Утомляй!,4
Исстрадайся!,1
Томись.,4
Льсти?,2
Она не удивилась!,4
Она не измочалила!,4
Не насыться!,4
Не бойся.,0
Она обмирала!,1
Она не беспокоилась!,4
Она не никла?,2
Она затосковала?,1
Она злила!,4
Она не травмировала?,2
Она невзлюбила?,2
Подавляй?,2
Измучься!,4
Она не пугнула?,2
Не труси.,4
Она изматывалась.,1
Не измотайся.,4
Не восторгайся.,1
Не дрейфи.,0
Не исстрадайся.,0
Не заскучай?,2
Она воспрянула!,0
Домучься!,1
Она возрадовалась.,0
Развлекайся?,2
Погневайся.,4
Она сокрушалась?,2
Она страшилась.,3
Она не злилась?,2
Она не обожглась?,3
Не смущайся!,0
Она опупела.,2
Она не воскресала!,2
Она не удивилась?,2
Приунывай!,1
Она заинтересовала!,0
Она отчаивалась.,1
Не достань!,4
Не процветай?,2
Удовлетворяйся!,0
Заледеней?,2
Она ужасала?,3
Она обиделась?,1
Повеселись!,0
Она нарадовалась?,0
Она не вдохновлялась?,1
Она уважала!,0
Она любовалась.,0
Поволнуйся?,3
Разволнуй.,3
Она злобствовала?,4
Не серди?,4
Сожалей?,2
Не порази?,2
Не мучься?,1
Она печалила.,1
Она не забоялась?,2
Не радуй.,1
Растревожь!,3
Гнети?,2
Она опостылела.,4
Она не развеселилась?,1
Она злила?,4
Не удивляй?,2
Не терзайся!,0
Не ликуй.,1
Не насыщайся!,1
Услаждайся.,0
Она сердила.,4
Она расстраивалась.,1
Расстрой?,1
Она беспокоила.,3
Она не конфузилась!,0
Надейся?,1
Не пугни!,3
Она пошутила.,0
Не пошути.,1
Она разнервничалась?,2
Она не невзлюбила.,4
Заволнуйся?,3
Не озлобь?,2
Балдей!,0
Она не возмутила!,4
Она не возликовала?,2
Заволнуйся.,3
Она нервничала?,2
Она не ранила!,4
Она обалдевала.,0
Она не помучилась?,1
Она дивила.,2
Угрожай?,4
Она не запугивала!,4
Она не любовалась?,1
Не позли!,4
Умайся!,4
Осердись.,4
Побаивайся!,3
Не обозлись.,3
Не скисай.,0
Она утомила!,4
Она ослепила!,0
Она изматывала?,2
Она интересовалась?,2
Она гневила?,4
Не погневайся?,3
Рассерчай.,4
Она повеселилась.,0
Не шантажируй.,4
Не пьяней?,2
Пугани.,3
Изнури.,1
Она не бесила?,4
Она огорчала.,1
Подавляй.,4
Взвой.,1
Не устрашись!,0
Она не удручила.,0
Опупей.,3
Надуйся?,1
Хмурься.,1
Развлеки!,0
Не возмутись?,2
Она грустила.,1
Не посмеивайся.,1
Она печалила!,1
Она ободрялась.,0
Она не окрылилась?,2
Она раздражалась.,4
Не сдрейфи?,2
Она не извелась!,4
Угрюмей.,1
Трясись!,3
Не приободрись.,1
Она не раздосадовалась!,0
Не перетревожь!,4
Не опечаль!,0
Воскресни!,0
Не обижайся?,4
Ободрись!,0
Она оживила?,2
Она не развеселилась!,1
Она освежалась.,0
Она веселилась!,0
Она не наскучивала!,0
Она утомилась.,1
Измайся!,1
Сожалей!,1
Не загрусти.,0
Она не омрачила?,2
Не смутись!,0
Она не томилась.,0
Поражайся?,2
Она не повеселела?,1
Она просияла!,0
Не невзлюби?,2
Не понравься.,1
Недоумевай!,4
Майся.,1
Недолюбливай!,4
Она не развеселила!,1
Удивляй!,2
Ободряйся!,0
Она удручала?,2
Она прогневалась?,4
Диви!,2
Не изматывайся!,0
Она изумила!,2
Не ужасайся?,2
Не рассмеши?,2
Она взбеленила?,2
Восхитись!,0
Перетрусь.,3
Она не измучилась?,2
Смейся.,0
Она осердилась.,4
Вдохновляйся!,0
Она измаялась?,1
Она озлоблялась.,4
Она хватила?,2
Она не удовольствовалась.,1
Она не страдала?,2
Она повеселела!,0
Она не возликовала.,1
Потрясай!,2
Она терзалась.,1
Дивись?,2
Она не окрылила.,1
Не удручи!,4
Она озлила?,4
Она не пошутила?,2
Она сокрушила?,2
Потряси!,2
Не прискучивай!,4
Обозли!,4
Она встряхнулась?,2
Скисни!,1
Обидься?,1
Окрыли.,0
Она заволновалась?,3
Не нарадуйся.,0
Она не встряхнулась?,2
Не сконфузься?,2
Она огорчала?,1
Поражай?,2
Она тряслась.,3
Она не позабавилась.,1
Приободрись?,2
Подбодрись.,0
Она рыдала.,1
Не недолюбливай!,4
Она пригорюнилась!,1
Покайся!,4
Она не маялась.,1
Не восхищайся?,2
Она ужасалась!,3
Развесели.,0
Не помрачись!,0
Не натерпись!,0
Не печалься!,0
Она не возрыдала!,0
Она волновалась.,3
Она обиделась.,1
Она перенервничала?,3
Не разобидься?,2
Она освежала!,0
Она взволновала.,3
Она не никла!,0
Она не насыщалась?,2
Она тревожила.,3
Она осерчала?,4
Она устрашала!,3
Она озлоблялась?,4
Она умаяла!,1
Захандри?,1
Обеспокойся!,3
Не умаивай.,4
Не раздражись!,3
Не удручи.,0
Она прослезилась?,1
Она жгла.,0
Испугай?,2
Не затрави!,4
Она изныла!,1
Она тревожила?,3
Она не терроризировала!,4
Не хвати!,4
Отпугивай.,3
Она прогневала.,4
Выстрадай!,1
Она дулась.,1
Бесись!,4
Она возликовала.,0
Не зли!,3
Ужасайся?,3
Она ненавидела.,4
Не намучься?,2
Она не привязывалась?,2
Она развлеклась.,0
Она не восхищалась.,1
Она измочаливала?,1
Она терпела!,4
Она не забоялась.,0
Она закручинилась!,1
Она не заледенела?,2
Удивляйся?,2
Она наслаждалась.,0
Не возрыдай.,0
Она возмущала!,4
Не раздражай.,4
Она не сохла?,2
Она сожалела.,1
Возненавидь.,4
Не терроризируй!,4
Огорчайся!,1
Она не ободрялась.,1
Не плачь!,0
Посмеивайся.,0
Она не вдохновлялась.,1
Разревись?,1
Она озлобилась!,4
Она озлилась.,1
Она встревожила.,3
Не прогневай?,2
Она не светилась.,1
Она помрачала!,1
Умайся.,1
Она злобствовала!,4
Не разъяри.,3
Восторгайся!,0
Она не помрачилась.,0
Она надоедала?,4
Возрыдай?,1
Гнети!,4
Она удовлетворилась!,0
Она гордилась.,0
Изумись.,0
Она не ликовала?,1
Не уважай?,4
Измочаливай?,4
Она тужила.,1
Она омрачала.,1
Она томилась!,1
Она не перетревожила?,3
Изнуряй.,1
Не разозли.,3
Она не утомила?,2
Она не перенервничала?,2
Не свирепей?,2
Восторгайся.,0
Не взбелени?,2
Отчайся?,1
Не бесись!,4
Она опасалась!,3
Не вознегодуй?,3
Она терзалась!,1
Не изнывай!,0
Она устрашилась!,3
Она не предвкушала!,1
Не взбодрись.,1
Не обеспокойся!,0
Она развлекалась!,0
Подшучивай?,0
Промайся!,1
Она умаяла.,1
Она не хватила?,2
Она доставала.,4
Не разгневайся.,3
Надивись?,2
Она не изныла!,0
Не нервируй.,4
Она не изнемогла?,2
Не взбелени.,3
Она отчаивалась?,1
Она не взбеленилась!,2
Она утомлялась?,1
Она порадовала!,0
Она разъярила.,4
Погорюй!,1
Она встряхнулась!,0
Она преследовала?,4
Не терроризируй?,4
Она злобилась!,4
Она не колола!,4
Изводись.,1
Она не испугалась.,0
Она не порадовала.,1
Не скучай!,0
Вдохновляйся.,0
Она не озлоблялась?,2
Разочаруйся.,1
Веселись?,0
Оплачь?,1
Она не торжествовала!,1
Не изумляйся?,2
Она измочалила!,4
Повеселей.,0
Испугай!,3
Не возвеселись.,1
Не повреди?,2
Она не повредила.,0
Не озли.,3
Она сломила?,1
Она тревожилась?,3
Не устыдись!,0
Она не смущалась!,0
Раздражи.,4
Она изнуряла?,1
Изуми!,2
Она не разочаровала!,0
Люби.,0
Унывай!,1
Не услаждайся!,1
Она освежила.,0
Не разволнуй!,0
Она сокрушила!,4
Обрадуй!,0
Не удовлетворись?,1
Она застращала!,3
Она не тревожила?,2
Не привязывайся!,4
Дави?,4
Она угрюмела?,1
Она не взорвала.,1
Не расстраивай?,0
Она не выматывала?,2
Огорчи?,1
Не приободрись!,1
Не надоедай!,4
Она прогневала?,4
Она не взвыла!,0
Не стесняйся.,0
Она не терпела?,2
Не соскучься!,0
Она не дрейфила!,0
Скисай!,1
Она не восторгалась!,1
Она кручинилась!,1
Она трусила.,3
Опасайся.,3
Она не порадовала?,1
Она сникла.,1
Она не стыдилась.,0
Она никла!,1
Не дуйся?,2
Она стервенела.,4
Она не рассерчала!,0
Волнуй?,3
Не гордись?,1
Она не расстраивалась.,0
Не поверь!,2
Обожай?,0
Восхищайся.,0
Она не проплакала.,0
Надоешь?,2
Жалей.,1
Она не заскучала.,0
Взгрустни.,1
Она не побоялась!,0
Расстраивайся.,1
Она не колола?,2
Она ужаснула?,3
Она отчаялась!,0
Она рассердила?,1
Не пугай.,4
Она не погоревала.,0
Не гневи!,4
Изведись.,1
Она не разревелась!,2
Не обрадуйся?,1
Она удовлетворяла?,0
Она разочаровала?,1
Она серчала!,4
Она не огорчила!,0
Она боялась!,3
Она не прослезилась?,2
Она помрачилась.,1
Она не воскресила?,1
Обалдевай!,2
Не окрысься?,4
Она раздражила?,4
Не предвкушай.,1
Озлись?,4
Обозли?,4
Обозлись.,4
Она сдрейфила.,3
Она подшучивала?,2
Она прослезилась!,1
Не хихикай!,0
Она не воскресала.,1
Разъяри.,4
Не печаль?,2
Обомри?,2
Не кисни?,2
Она наскучивала.,1
Не взорви?,2
Истерзайся?,1
Она опечалила!,1
Она не переутомляла.,0
Она не соскучилась.,1
Она намыкалась?,4
Не ободряйся?,2
Она не разочаровалась?,2
Она озлоблялась!,0
Пьяней!,4
Глуши?,2
Ослепи!,4
Она не опечаливала!,0
Она рассердилась.,4
Она опечалилась?,1
Она не отпугивала?,2
Не оплакивай!,4
Она не льстила.,1
Смутись!,3
Не кручинься?,2
Изнемоги!,1
Не осточертей.,4
Она не пугнула!,2
Не мучь?,2
Помрачайся?,1
Ужасни.,3
Она не погневалась?,3
Она надулась!,1
Она точила?,2
Не воскресни?,2
Она не перепугала.,0
Тоскуй?,1
Перенервничай?,3
Изумляйся?,2
Озлись!,4
Она загоревала.,1
Не развлеки.,1
Она не опьянела!,4
Пугай?,3
Она не напугала?,2
Не развесели.,1
Не омрачись?,2
Она не изнурила!,0
Она не переживала!,0
Она помрачалась.,1
Она не плакала?,2
Она не поразила!,1
Она воскресла!,0
Она измаялась.,1
Она огорчалась.,1
Она не опасалась.,0
Она пугала.,3
Обалдевай.,2
Не изумляйся!,4
Она взбесилась!,4
Она злорадствовала!,4
Не приободряйся?,2
Она не раздосадовала!,0
Не страшись!,0
Она устрашилась?,3
Она не сокрушалась!,0
Огорчись.,1
Не ободрись!,1
Разочаруй!,1
Она не измотала?,2
Не смутись?,2
Не погрусти?,2
Не насмехайся.,1
Она не улыбалась?,1
Не измотайся!,4
Она струхнула?,3
Страдай?,1
Не рассмеши.,1
Она перетерпела!,0
Не омрачись!,0
Не злей!,0
Она не сосала!,4
Она разгневалась?,3
Истомись?,2
Закручинься!,1
Весели?,0
Она не порадовалась.,1
Она скучала?,2
Она дивилась.,2
Перетрусь?,3
Не воскрешай?,2
Она не стосковалась?,2
Мучься?,1
Не измучься!,4
Не напугай!,4
Она не тяготила?,2
Она возрадовалась?,2
Не посетуй?,2
Она не домучилась.,1
Она не процветала?,2
Намучься.,1
Она не подшучивала!,0
Не утомляй!,4
Она достала!,4
Она устрашила?,3
Она не злобилась.,0
Она промаялась?,2
Не переутомляй?,2
Она расстроила.,1
Она омрачилась?,1
Серчай!,4
Она не озлобляла?,2
Она изнервничалась!,3
Забойся?,2
Повеселись.,0
Она не пьянела?,2
Она утомлялась!,1
Она восхитилась?,0
Она не смела?,2
Она свирепела.,4
Она взволновалась?,3
Она не позлилась?,2
Она не вымотала!,4
Злей?,2
Она окрысилась!,4
Не печаль!,0
Подиви.,2
Она не сторонилась?,2
Она подбодрилась!,0
Удручай.,1
Она не взбесилась?,2
Она не преследовала!,4
Она порадовалась!,0
Взбодрись?,0
Восхищайся?,0
Она утомилась?,2
Она не глушила!,4
Утоми!,1
Она насладилась?,0
Она не захандрила.,0
Цвети.,0
Она не кручинилась?,2
Она не сожалела!,0
Взбодрись!,0
Она хмурилась.,1
Не обеспокой!,4
Она помучилась.,1
Не жалей?,4
Она не разревелась?,2
Она не кисла?,2
Мечтай?,0
Она страдала.,1
Рассмейся!,0
Помрачись?,1
Она не наскучивала.,0
Она перепугалась.,3
Не майся!,4
Сломись.,4
Блаженствуй.,0
Она выматывала?,1
Не воскресай!,4
Поощряй!,0
Она приободрялась.,0
Не развесели!,1
Настрадайся.,1
Она убила?,3
Она не измаялась!,4
Не смей.,4
Она сконфузилась?,2
Развесели?,0
Побаивайся.,3
Трясись?,3
Она не омрачилась.,0
Она не пригорюнилась.,0
Помрачись.,1
Страдай.,1
Она не затосковала?,2
Не взгрустни?,0
Она обмерла?,3
Не повреди.,3
Осерчай?,4
Не волнуйся!,0
Она веселилась.,0
Не убивай!,3
Она разозлила!,4
Не тоскуй.,0
Она покаялась!,0
Не заволнуйся.,0
Она обмирала?,2
Она не дрожала!,0
Остолбеней.,4
Она не омрачилась!,0
Встревожь!,3
Обрадуйся.,0
Она не предвкушала?,2
Она скисла.,1
Дави.,4
Не кисни!,0
Не стыдись?,2
Понервничай.,3
Не заледеней!,4
Она не проклинала!,0
Она не упилась!,4
Надоешь!,4
Она запугала!,3
Не обозлись!,4
Помрачи.,1
Не люби.,1
Терзайся.,1
Терроризируй!,4
Она не окрылила?,2
Она не удивила!,4
Опечаль.,1
Она восторгала.,0
Не порадуй!,1
Она утомляла?,2
Она не удивлялась!,4
Не помрачайся?,2
Не измочаливай?,2
Не удивляйся?,2
Не повеселись!,1
Раздосадуйся?,1
Не просияй?,2
Переволнуйся.,3
Беспокойся.,3
Она не соскучилась?,2
Она не освежала!,1
Не ненавидь!,3
Хмурься?,1
Она глушила?,2
Растревоживай!,3
Не утомляй.,4
Она рассердилась?,3
Воскресай!,0
Она устрашалась.,3
Она не ужасалась?,2
Рассвирепей!,4
Она освежалась?,0
Она не шантажировала?,2
Она тряслась?,3
Она хандрила!,1
Она не рассердила?,2
Она не вознегодовала?,2
Не хмурься.,0
Она отпугивала?,2
Не умай?,2
Она беспокоила?,2
Перепугай.,3
Она не злела!,4
Она не пугала!,0
Не сломи.,0
Не прискучь?,2
Не огорчай.,0
Скорби!,1
Не сникни!,0
Не настрадайся.,0
Она позлорадствовала?,4
Она не потрясала?,2
Она выстрадала.,1
Она плавала?,2
Она уважала?,2
Она мечтала?,2
Она не нервировала!,0
Она интересовалась.,0
Она дрожала.,3
Тревожь?,3
Она не мечтала.,1
Она стервенела?,4
Взбесись.,4
Она хлебнула!,0
Она вымотала!,4
Струхни!,3
Не изной!,4
Не разревись?,2
Не тревожься?,2
Она оплакивала?,1
Она скучала!,1
Она не никла.,0
Не травмируй?,2
Не ошеломи?,2
Не освежайся?,2
Не грусти.,0
Натерпись?,1
Удручи.,1
Она не обеспокоила!,0
Она насмехалась?,0
Она измотала.,1
Она не оплакала!,1
Она угрожала?,4
Не окрысься.,4
Надоедай!,1
Не раздразни?,2
Леденей?,2
Она развлеклась!,0
Посетуй!,1
Не умаивай!,4
Она опечаливала!,1
Она не надоедала?,2
Рассмеши?,0
Не опечаливай.,0
Трепещи.,3
Не торжествуй.,1
Интересуйся!,0
Она не злилась.,0
Она помучилась!,1
Она не возмущалась!,0
Утомись!,1
Не освежай!,1
Она не ярилась?,2
Она окрысилась.,4
Не потрясай?,2
Она колола?,2
Не нервничай?,2
Застращай.,3
Никни.,1
Она не взбодрилась!,1
Она не любила?,1
Не захандри?,2
Она не вытерпела.,4
Струси?,3
Она негодовала.,4
Она светилась!,0
Устрашай.,3
Расстраивайся?,1
Она испугалась!,3
Не светись?,2
Услаждайся?,0
Она не измочалила?,2
Она подосадовала!,1
Она обалдела!,2
Она промаялась!,1
Она расстраивала!,1
Не ошеломи!,4
Встревожься!,3
Растревоживай?,3
Она никла?,1
Она не болела!,0
Она не обрадовалась?,2
Она не струсила.,0
Не подбодрись?,1
Она восхитила.,0
Не осердись!,3
Запугай?,3
Оживи.,0
Не огорчи!,4
Она измоталась!,1
Не расстрой.,0
Она потосковала!,1
Озлобь!,4
Встряхнись?,0
Она достала.,4
Не помрачай!,0
Не сокруши!,4
Забеспокойся!,3
Встревожься.,3
Она не растревоживала!,0
Она не нервничала!,0
Она не встряхнулась.,1
Она не подавляла?,2
Удручай?,1
Она опечалила.,1
Смей!,0
Она забоялась?,3
Она не огорчила?,2
Она растревоживала?,3
Не переволнуй!,4
Не подступай?,2
Нервничай!,3
Она не процветала!,1
Она никла.,1
Не торжествуй!,1
Не взбесись!,4
Она изнервничалась.,3
Она не сокрушила?,2
Она стеснялась.,3
Не изумись?,2
Кручинься!,1
Она не преследовала?,2
Она не цвела!,1
Не подосадуй?,2
Она не сдрейфила.,0
Скисай?,1
Она не утомлялась.,0
Не ослепи!,4
Она не приободрялась!,1
Она расстраивала.,1
Она не гордилась!,1
Не обидься?,2
Она не взъярилась?,2
Мечтай.,0
Она преследовала.,3
Проклинай?,4
Гневайся!,4
Пошути.,0
Она кисла.,1
Не поверь?,2
Не умай.,0
Не разъярись?,2
Разобидься?,1
Измучься.,1
Она взвыла.,1
Она выстрадала?,1
Она не злобилась?,3
Она побаивалась!,3
Запугивай.,3
Злорадствуй!,4
Не кручинься!,0
Расцвети!,0
Измотай?,1
Не побаивайся.,0
Она злела!,4
Она не радовала!,1
Мучь.,1
Она не переживала.,0
Она пригорюнилась.,1
Она не страдала!,0
Она взъярилась.,4
Не возмущайся!,4
Заинтересуй!,0
Раздражай.,4
Она резвилась?,0
Она не вытерпела!,4
Она не пригорюнилась!,0
Балдей.,0
Презирай?,4
Она не насмехалась.,1
Глуши!,4
Она омрачила!,1
Она перетерпела?,1
Пугани?,3
Она не негодовала!,0
Она не огорчалась?,2
Переживай!,3
Плавай?,2
Она наслаждалась!,0
Она не заинтересовала?,2
Она не пригорюнилась?,2
Она не обрадовалась!,1
Она гнела?,1
Огорчай!,1
Надейся!,0
Не ужасайся!,0
Угрюмей!,1
Она озлилась?,4
Разревись!,1
Она расстроилась.,1
Она не пуганула!,0
Не встряхивайся?,2
Не умайся.,4
Она не оживила.,1
Она недолюбливала.,4
Не озлобляйся.,0
Она не убила!,0
Она не встряхивалась?,2
Не раздосадуйся?,2
Она взбодрилась.,0
Перетерпи?,1
Она погоревала!,1
Не измотай!,4
Она шантажировала?,2
Она не ненавидела?,2
Она не воодушевилась.,1
Она раздражалась?,4
Она обрадовала!,0
Не мечтай.,1
Дрожи.,3
Она не расцветала.,1
Интересуйся?,0
Она прискучивала?,1
Не глуши!,4
Она не разозлила?,2
Она не раздавила!,2
Не привязывайся?,2
Пугани!,3
Не позлорадствуй!,4
Раздосадуй?,1
Не загрусти?,2
Она не развлекла!,1
Она не разгневала?,2
Улыбайся.,0
Тревожься!,3
Не истоскуйся.,0
Не прогневай!,3
Кисни.,1
Захандри.,1
Она взволновала?,3
Она не раздражалась.,0
Она не утомляла?,2
Стесняйся?,3
Она не раздражалась?,2
Она не ликовала!,4
Не понервничай.,0
Она освежилась.,0
Она не изумлялась!,1
Унывай.,1
Не огорчайся.,0
Не озлобься!,0
Не изнывай.,0
Негодуй!,4
Пугни.,3
Ярись?,4
Устрашайся!,3
Не изумись.,1
Не повреди!,4
Она дивилась?,2
Она поволновалась?,3
Захватывай.,0
Она не поникла.,0
Она не бесила!,0
Скисни.,1
Осерчай!,4
Не повеселей.,1
Она разгневалась.,4
Она пуганула.,3
Скисни?,1
Тяготи?,1
Не намыкайся?,2
Спугивай.,3
Она не изнервничалась?,2
Она устрашила.,3
Она ненавидела!,4
Она не переволновалась!,0
Она разгневалась!,4
Она развеселила!,0
Не ослепи?,2
Она упилась!,0
Хихикай?,0
Восторгай.,0
Не возмутись!,4
Она не взвыла?,2
Проклинай!,4
Она не поразилась!,2
Не опостылей?,2
Она намучилась!,1
Не пой!,4
Не сожалей.,0
Она печалила?,1
Дрожи?,3
Она не угрюмела!,0
Она остолбенела.,3
Она не разъярила?,2
Интересуйся.,0
Тревожь.,3
Она не разобиделась?,2
Она не извелась.,0
Насыщайся!,0
Не измотайся?,2
Она хихикала?,0
Она не мучилась.,0
Она умаялась!,1
Просияй?,0
Разнервничайся?,3
Прогневай.,4
Она напугала.,3
Она посмеялась?,0
Она взволновалась.,3
Она прогневала!,4
Надивись!,2
Исстрадайся.,1
Она не расстроила.,0
Она поражала.,2
Она не загоревала.,0
Утомись.,1
Она не достала!,0
Она взбесила.,4
Не возликуй.,1
Она смущалась?,3
Не загорюй.,0
Она плакала!,1
Восхити.,0
Она не рассердилась?,3
Не помрачай.,0
Возненавидь!,4
Она возрыдала?,1
Не восторгай!,1
Развлекись?,0
Она не хлебнула?,2
Она извелась!,1
Убойся!,3
Она не обрадовала!,1
Не переволнуй?,2
Не изводись!,0
Не смущай?,2
Она не скорбела!,0
Она не разгневала.,0
Она опечалила?,1
Она не восхитилась?,2
Возвеселись!,0
Не преследуй?,2
Не поднимай!,4
Она восхитилась.,0
Она разобиделась!,1
Она подивилась.,2
Не посетуй.,0
Она взгрустнула.,1
Она огорчила?,1
Она не тушевалась?,2
Не огорчи.,0
Она не вспылила.,0
Она не потрясала!,1
Она не огорчилась!,0
Она опьянела?,2
Побойся!,3
Не ярись.,3
Она не освежала?,2
Рассвирепей.,4
Она страшила!,3
Не омрачай?,2
Она осердилась?,4
Она не негодовала?,3
Она балдела.,0
Она травмировала?,4
Она заледенела!,2
Соси.,4
Не озлобь!,3
Страшись?,3
Она не окрылила!,1
Она доставала?,2
Она не возрадовалась!,2
Она ослепила?,0
Она не закручинилась?,2
Она не устыдилась.,0
Разгневай.,4
Она вытерпела.,1
Она не содрогалась!,0
Ледени!,4
Она удивилась!,2
Она натерпелась.,1
Не встряхнись.,1
Расцвети?,0
Она пугнула.,3
Не волнуй.,4
Прогневайся?,4
Она не свирепела?,2
Она не скисала?,2
Опечаль?,1
Она обалдевала?,2
Она не соскучилась!,1
Она сожалела?,1
Тушуйся?,3
Не изведись.,0
Она не намучилась?,2
Она заволновалась.,3
Она блаженствовала!,0
Труси?,3
Не злись!,3
Она не сникала?,2
Не беспокойся?,2
Не покайся.,0
Спугивай!,3
Исстрадайся?,1
Она не забеспокоилась?,2
Она замучивалась?,1
Она не прискучила!,0
Она не рассерчала.,0
Томись?,1
Она пугалась.,3
Она сломилась!,0
Она взгрустнула!,1
Не кручинься.,0
Она не захватывала!,1
Она удручила.,1
Не приободряйся.,1
Она не жалела.,0
Она поплакала.,1
Она улыбнулась.,0
Не резвись.,1
Раздосадуй!,1
Озлобь.,4
Она не обмирала?,2
Вымотай!,1
Она не осточертела?,4
Помрачи?,1
Торжествуй!,0
Не озлобься?,2
Она не гневила?,2
Она повеселилась?,0
Не упейся!,4
Перепугайся?,3
Утомляйся?,1
Изнемогай?,1
Она не сникла?,2
Она не печалила!,0
Она не окрысилась?,2
Возмутись.,4
Восхитись.,0
Она восторгалась?,0
Озлобься!,4
Изуми.,2
Не порадуйся.,1
Не раздразнивай?,2
Она сохла.,1
Потоскуй.,1
Не угнетай.,3
Она не растревоживала?,2
Она обмерла!,3
Радуй.,0
Она не приуныла?,2
Повеселей!,0
Не сникай?,2
Блаженствуй!,0
Она не тужила!,0
Не прослезись.,0
Не гневайся?,2
Она удивлялась.,2
Умаивай?,1
Она не угрожала?,2
Она не помрачила?,2
Загрусти?,1
Взволнуйся?,3
Не насмехайся?,2
Посмеивайся!,0
Она рассмешила!,0
Утомляй?,1
Она стеснялась!,3
Кисни?,1
Не сломись!,0
Негодуй?,4
Струхни?,3
Она удивляла?,2
Она не обмерла?,2
Не закручинься?,2
Она не ошеломила?,2
Она позлорадствовала.,4
Она не извелась?,2
Не веселись.,1
Она изнурила!,4
Кручинься.,1
Она не смущалась?,2
Она не леденела?,2
Она не смела!,4
Она сникала?,1
Вымотай.,1
Она не цвела?,2
Она не упивалась!,0
Не разобидься!,4
Она не повредила!,0
Она не осердилась!,0
Она не стращала!,0
Не оплачь?,2
Напугайся!,3
Она не восхитила?,2
Она не посетовала?,2
Она стращала?,3
Она опостылела?,1
Она не расстроила?,2
Она не серчала.,0
Она поражалась!,2
Печалься!,1
Не помрачайся!,0
Она упивалась!,0
Фыркай!,4
Она раздразнивала.,0
Она не жгла.,1
Развлекай.,0
Она не взбесила!,0
Она стыдилась?,3
Не резвись?,1
Она забоялась!,3
Разозлись?,4
Не сердись!,3
Не горюй!,0
Она не удовлетворялась?,1
Она заскучала?,1
Она разревелась!,1
Обрадуй.,0
Она не осердилась.,0
Она отчаялась.,1
Не восхити.,1
Она рассмешила?,0
Она позабавилась.,0
Отпугивай!,3
Она загоревала?,1
Она помрачилась?,1
Не освежайся!,1
Она не сокрушалась.,0
Не пугайся!,0
Не недоумевай!,4
Не огорчай?,2
Не доставай?,2
Болей!,4
Она перетревожила.,3
Не подиви?,2
Не опасайся!,0
Не вспыли!,4
Она не хандрила!,0
Она перетревожила?,3
Она покаялась.,1
Она истерзалась?,1
Бойся?,3
Она раздосадовала!,1
Она не изумилась!,2
Она радовалась!,0
Она струхнула.,3
Порадуй?,0
Взбеси!,4
Не скорби?,2
Она не скисала!,0
Дуйся.,1
Она наскучивала?,2
Не возмути!,4
Она радовалась.,0
Пугни?,3
Она не омрачалась.,0
Она ободрялась!,0
Паникуй.,3
Не недолюбливай.,0
Она не дулась?,2
Повреди.,4
Она возвеселилась?,0
Она не встряхнулась!,1
Не уважай.,4
Не блаженствуй?,1
Не закручинься!,0
Разгневайся!,4
Переверни?,2
Она не отчаялась!,0
Она восторгала?,0
Беспокой!,3
Обмирай.,3
Не испугайся?,2
Не стесняйся!,0
Она развеселилась?,0
Не развлекай.,1
Не посмейся.,1
Она обозлилась?,4
Она не насмехалась!,1
Она позабавилась!,0
Она не развлеклась.,1
Она не дрожала?,2
Она сникала!,1
Не изнури?,2
Досадуй?,1
Не измайся?,2
Изводись!,1
Она презирала.,4
Встряхивайся?,0
Гневи?,4
Не развесели?,1
Скучай?,1
Не опечаливай!,0
Удручи!,1
Она расцветала!,0
Она переутомила.,1
Не угрожай!,4
Ужасай.,3
Не освежись.,1
Она не надоела!,0
Не возмущай!,4
Она подавляла?,4
Не устыдись?,2
Не расстройся.,0
Не досадуй.,0
Она не надоедала!,0
Она не подосадовала.,0
Она не растревоживала.,0
Замучься!,1
Она сторонилась?,2
Она ошеломила.,2
Она не умаялась.,0
Она не взволновала?,2
Она не омрачалась?,2
Не выстрадай!,0
Не смущай!,4
Озлобь?,4
Она не напугалась!,1
Она не перетерпела!,4
Не вымотай!,4
Взбадривайся!,0
Ненавидь.,4
Не скорби!,0
Она истерзалась!,1
Не струхни!,0
Удивляйся.,2
Не обрадуйся!,1
Проплачь.,1
Она развеселила?,0
Не обмирай!,4
Она не тревожила!,0
Ликуй?,0
Не измочаль?,2
Перепугай!,3
Угнетай!,1
Приунывай.,1
Воодушевись?,0
Не удовлетворяйся?,1
Она не посмеялась?,2
Разъярись.,4
Не понервничай?,2
Она не тревожилась!,0
Она смеялась?,0
Она не расцвела?,2
Не окрыли?,1
Взбодрись.,0
Она не раздражила?,2
Она взвыла!,1
Она возрыдала!,1
Осердись!,4
Не тужи!,0
Она давила?,4
Она удивилась.,2
Она не повеселилась?,2
Презирай.,4
Она ужаснула!,3
Страшись.,3
Не застращай!,4
Не тревожь!,4
Она стыдилась!,3
Она не скорбела?,2
Омрачай!,1
Она не горевала?,2
Не расцветай.,1
Она волновала.,3
Не резвись!,4
Ярись!,4
Печаль!,1
Не разозли?,2
Не злобствуй.,4
Она не встряхивалась.,1
Она плакала.,1
Не взбеси?,2
Не обеспокойся?,2
Она огорчилась!,1
Заинтересуй?,0
Не осточертей?,2
Не освежайся.,1
Стращай!,3
Обалдевай?,2
Забойся.,3
Не серчай?,2
Она не раздразнила!,0
Не подступай.,4
Она возненавидела.,4
Улыбнись?,0
Она не рассердила!,0
Не разозлись?,2
Она не заволновалась!,0
Напугай.,3
Переутомляй?,1
Не волнуй?,2
Вспыли.,4
Не смей?,2
Не понервничай!,0
Не конфузься!,0
Намыкайся!,4
Она умаивала?,1
Не взбеленись?,2
Она не истосковалась.,0
Она не смеялась.,1
Она ободрилась?,0
Не наскучивай?,2
Она изумилась.,2
Не проклинай!,3
Она возмутила.,4
Развлекай?,0
Пугни!,4
Она не обалдела?,4
Не злись.,3
Не восхитись!,1
Она изматывалась!,1
Помрачись!,1
Она не взгрустнула?,2
Повреди?,4
Она не тяготила.,0
Она не поволновалась?,2
Не развлекай?,1
Она не дрейфила?,2
Тужи.,1
Насладись!,0
Она не умаивала?,2
Омрачайся.,1
Она не сломила.,0
Она не блаженствовала!,1
Она посмеялась!,0
Осточертей?,1
Не наслаждайся!,1
Не удивляй!,0
Она льстила?,0
Омрачи.,1
Она не нервировала?,2
Развлеки.,0
Не изнуряй!,4
Не подосадуй.,0
Не пугни?,2
Измайся?,1
Она угнетала?,1
Не утомись!,0
Устрашай!,3
Не дави?,2
Она застращала.,3
Она давила.,4
Убей.,4
Не взорвись?,2
Она не затосковала.,0
Не убойся!,0
Не мучься!,0
Натерпись!,1
Она перепугалась!,3
Она не огорчилась?,2
Не раздави!,4
Расстраивай!,1
Не умайся!,4
Она веселила!,0
Рань?,1
Она не утомляла!,0
Не рань.,1
Удовлетворись.,0
Она не упивалась.,1
Она намучилась?,1
Не измочаль!,4
Она насладилась!,0
Она встревожила!,3
Не страдай.,0
Не сконфузься!,4
Не остолбеней!,4
Не намыкайся!,4
Она не грустила.,0
Она не встревожилась.,0
Она оплакивала!,1
Угрожай!,4
Она кисла?,4
Она струсила!,3
Она не разочаровалась!,0
Она не возмущала.,0
Она не оплакала?,2
Она не светилась?,2
Она опечалилась.,1
Она рассердила.,4
Она встряхивалась.,0
Она не истомилась.,0
Не запугивай?,2
Она не изнурила.,0
Она раздразнила!,4
Она погрустнела!,1
Остолбеней?,3
Она перепугалась?,3
Она подосадовала.,1
Не сломись?,2
Она не хватила.,1
Она не тяготила!,0
Огорчи!,1
Она леденила!,4
Не оплачь!,0
Она не стращала?,2
Угрожай.,4
Не скучай.,0
Тужи?,1
Рассмеши!,0
Цвети!,0
Не изнывай?,2
Она не сожалела?,2
Она взволновалась!,3
Она не убоялась!,0
Она не утомила.,0
Она наскучила.,1
Опечаливай!,1
Она окрылилась.,0
Не прогневайся.,3
Она не изводилась?,2
Она не умаялась!,0
Удручи?,1
Она надоела.,4
Она серчала?,4
Она не бесила.,0
Она не взволновалась?,2
Не спугивай?,2
Она помрачилась!,1
Не затрави?,2
Она не рыдала?,2
Не любуйся!,4
Недолюбливай.,1
Она раздражала!,4
Она опечалилась!,1
Она не сокрушалась?,2
Она не трусила!,0
Не изматывайся?,2
Она нервничала.,3
Она не погрустила.,0
Она не тужила.,0
Она истосковалась.,1
Она не жалела?,2
Она не уважала.,4
Она насыщалась?,0
Она не подступала!,4
Она скорбела?,1
Загрусти.,1
Она забеспокоилась.,3
Не подбодрись.,1
Раздражайся?,4
Она плакала?,1
Она беспокоила!,3
Она исстрадалась.,1
Не напугай?,2
Не поразись?,2
Она огорчилась?,1
Не взорви!,4
Она не воскрешала?,2
Она поощряла.,0
Прогневайся!,4
Намучься!,1
Она печалилась!,1
Она повредила!,4
Не удовлетворись!,1
Не раздражись?,2
Леденей.,3
Не опечалься.,0
Не истоскуйся?,2
Помучься.,1
Она обеспокоилась?,3
Она побоялась?,3
Не выматывай!,4
Изумляйся!,2
Она не измочаливала?,2
Стращай.,3
Она рассерчала!,4
Опечалься.,1
Ободряйся?,0
Взволнуйся!,3
Устрашись?,3
Она ранила!,4
Не ликуй?,2
Она не сердила!,0
Она не взбадривалась.,1
Упейся.,4
Она любовалась!,0
Она удручала!,1
Она не воскрешала!,1
Не затоскуй.,0
Она обеспокоила?,3
Хандри.,1
Смейся!,0
Она не сердилась!,0
Не изматывай!,4
Она не рассмеялась?,2
Она раздразнила.,0
Поднимай?,2
Она не опечаливала?,2
Она любила!,0
Она изумлялась?,2
Вдохновляйся?,0
Она выстрадала!,1
Обожай!,0
Она не заинтересовала.,1
Она не болела.,0
Подружись.,0
Не тужи?,2
Закручинься.,1
Она не давила!,0
Не подивись!,4
Насыщайся?,0
Не приуной.,0
Она измочаливала.,1
Вспыли?,4
Она не намучилась.,0
Не огорчайся!,0
Не возвеселись!,1
Не окрылись?,2
Она не недоумевала.,0
Она осерчала.,4
Не посетуй!,4
Не пугайся?,2
Понервничай!,3
Посетуй?,1
Содрогайся?,3
Она не наскучила?,2
Не развлекайся.,1
Не отчаивайся?,2
Резвись.,0
Люби!,0
Взбадривайся?,0
Изнывай?,1
Упивайся!,4
Она не гневалась.,0
Расстрой!,1
Она взбодрилась?,0
Она не презирала?,2
Она озлила.,4
Она убивала!,4
Не преследуй.,4
Захандри!,1
Она радовала.,0
Она не надулась.,0
Устрашись.,3
Она смутилась!,3
Она не разозлила.,0
Взволнуйся.,3
Сникай!,1
Она загоревала!,1
Не гордись.,1
Она не освежилась!,1
Развлекай!,0
Она не обиделась.,0
Она паниковала.,3
Дрейфи!,3
Не устрашай?,2
Дуйся!,1
Не утомись?,2
Она трусила?,3
Она раздражилась.,4
Озли!,4
Не никни?,2
Не изматывай.,0
Не окрылись.,1
Не наслаждайся.,1
Не устраши.,0
Она перепугала.,3
Потрясай.,2
Не вознегодуй.,3
Она не тряслась?,2
Она упилась?,2
Приуной.,1
Она маялась?,1
Погневайся!,4
Она не услаждалась!,1
Не взволнуйся!,0
Не рассмеши!,1
Восхити?,0
Она понервничала!,3
Весели.,0
Она не осердилась?,2
Вытерпи.,1
Она не погрустнела?,2
Не мучься.,0
Она расцвела!,0
Она досадовала?,1
Взгрустни!,1
Возликуй.,0
Не пугайся.,0
Раздражайся!,4
Заскучай.,1
Не гордись!,4
Она не наслаждалась?,2
Она не возликовала!,1
Зли!,4
Она не нервировала.,0
Не осознавай!,4
Не раздразнивай.,4
Она не изводилась!,0
Нервируй.,3
Она не умаялась?,2
Она не погрустнела.,0
Перетерпи.,0
Она не досадовала!,0
Она не наслаждалась.,1
Не надивись?,2
Она предвкушала!,0
Она не потрясла?,2
Не ободряйся.,1
Она не разозлилась!,0
Не весели!,1
Горюй!,1
Не устраши!,4
Не опупей!,4
Она убивалась?,2
Не плавай?,2
Не терзайся?,2
Она восхищала.,0
Омрачись!,1
Не терпи!,0
Предвкушай!,0
Она не радовалась!,1
Она не смутилась!,0
Она возрыдала.,1
Она измоталась?,2
Подивись.,2
Обеспокой.,3
Не сокрушайся?,2
Она не измаялась.,0
Она подивила!,2
Она не помрачалась!,0
Не дави!,4
Не удовольствуйся!,1
Не обозли?,2
Она развлекала!,0
Не доставай.,4
Она не развлекала!,1
Не доставай!,4
Она не обижалась?,2
Она опостылела!,1
Она не приуныла.,0
Она обалдевала!,2
Обеспокой!,3
Недоумевай?,2
Не сожалей?,2
Она не перетерпела.,4
Она домучилась.,1
Она не перетрусила?,2
Взбелени!,4
Она нарадовалась!,0
Оплачь!,1
Не изнервничайся!,4
Она не опечалила!,0
Разволнуй!,3
Не люби!,1
Она не перепугалась?,2
Не расстраивай!,4
Она застращала?,3
Она не мечтала!,1
Истомись.,1
Она не убивала?,2
Не раздражи!,4
Она кручинилась?,1
Она не развлекалась.,1
Загрусти!,1
Взгрустни?,1
Свирепей.,4
Удовольствуйся!,0
Не обозли.,3
Она не понервничала!,0
Она перенервничала!,3
Она восхитила!,0
Она ободрялась?,0
Не страши?,2
Потряси?,2
Она угрюмела!,1
Не озлобляйся!,4
Не опупей?,2
Не надейся!,4
Оплачь.,1
Она не взорвала?,2
Она посетовала.,1
Она не воспрянула!,1
Не поволнуйся!,0
Удовлетворись?,0
Она не воскресла?,2
Не осознавай?,2
Ярись.,4
Она заскучала.,1
Не сдрейфи.,0
Она не презирала.,0
Она не мучила.,0
Приуной?,1
Она надоедала.,1
Рассерчай?,4
Она утомила.,1
Она смутилась?,3
Она не достала?,2
Она не злилась!,0
Она не изнуряла!,0
Дивись.,2
Она не стеснялась!,0
Она не озлилась!,0
Свирепей?,4
Не спугивай!,4
Диви.,2
Не изумляй?,2
Она убила!,4
Она не развлеклась!,1
Пугайся!,3
Она угрожала!,3
Она не ужасала.,0
Она не обозлила?,2
Раздразнивай!,0
Порази.,2
Не леденей!,4
Она не пугалась!,0
Запугай.,3
Не воскресай?,2
Не обидься!,4
Она пугала?,3
Она рассмеялась.,0
Она не отпугивала!,0
Она расстроилась?,1
Она бесилась.,4
Смутись?,2
Она не страшила.,0
Взволнуй?,3
Она не взволновалась!,0
Она ужасала!,3
Не перетерпи?,2
Она не проплакала?,2
Не сникни?,2
Не содрогайся?,2
Не просияй.,1
Удовольствуйся.,0
Она ободрилась.,0
Она не страшилась!,0
Она измочалила?,2
Пугайся.,3
Обидься.,1
Она переутомила?,2
Она беспокоилась?,3
Не беспокой!,4
Она не волновалась?,2
Майся!,1
Она злилась!,4
Она томилась?,1
Она не поражала!,4
Не отпугивай?,2
Она скисала!,1
Не упейся.,4
Она не перепугала?,2
Не взъярись?,2
Она не расстраивала!,0
Не заволнуйся!,0
Она оживила.,0
Она не устрашалась?,0
Не заволнуйся?,2
Она хмурилась?,1
Прискучь.,1
Не беспокойся.,0
Она не восхитила!,1
Гордись!,0
Не расцветай!,1
Печалься?,1
Затрави!,4
Она волновала!,3
Она жалела?,1
Она не восторгалась.,1
Она не волновала.,1
Она опупела!,2
Она обрадовалась?,0
Она не ужасала?,2
Не сохни?,2
Она освежала?,0
Она не подивила?,2
Она рассмешила.,0
Не зли.,4
Она не страшила!,0
Не сокрушайся!,0
Растревожь.,3
Освежайся?,0
Она замучилась!,1
Она не отчаялась?,0
Не истомись?,2
Перепугайся.,3
Устраши?,3
Она не изумляла?,2
Сторонись!,4
Не омрачись.,0
Она не вдохновлялась!,1
Она потрясала!,2
Она не смущала!,0
Не хвати?,2
Потрясай?,2
Она не злела.,0
Не домучься?,2
Она не поразилась.,1
Не дрейфи!,0
Взбеси?,4
Томись!,1
Не блаженствуй!,1
Она улыбалась?,0
Она не раздражала?,2
Она помрачила!,1
Не поощряй!,4
Раздосадуйся!,1
Она не плакала!,0
Она подружилась?,0
Серди?,4
Рассердись!,4
Обрадуйся?,0
Она не позабавилась!,1
Она не подшучивала?,2
Сломи?,4
Не убивай.,3
Она спугивала.,3
Она рыдала?,1
Не потоскуй.,0
Она не удручала.,0
Подави?,2
Прискучь?,1
Она не томилась!,0
Она не восторгала.,1
Не обмирай.,0
Погневайся?,4
Огорчись!,1
Не запугай!,4
Она услаждалась?,0
Она поразилась?,2
Не озлись?,2
Не подави?,2
Она не устрашилась!,0
Она не маялась!,0
Затрави.,4
Не изной.,0
Обижайся?,1
Убивай!,4
Она не утомлялась!,0
Она переволновала!,3
Она беспокоилась.,3
Она трепетала?,3
Огорчись?,1
Вознегодуй.,4
Тушуйся!,3
Она надоела?,1
Разволнуй?,3
Она не любила!,1
Фыркай.,4
Она свирепела!,4
Не обожай.,1
Она не проплакала!,0
Она не печалила?,2
Не обмирай?,2
Не восхищайся!,1
Она возликовала?,0
Не взъярись!,4
Окрысься!,4
Она ужасалась?,3
Переживай?,3
Она убивалась!,1
Она изумляла?,2
Не возмути?,2
Она раздавила?,2
Не запугивай.,4
Не умайся?,2
Она не рассерчала?,3
Восторгайся?,0
Она ненавидела?,4
Она стращала!,3
Позлись.,4
Она не ободрилась!,1
Она напугалась.,3
Она окрылилась?,0
Не порадуй.,1
Она не подосадовала?,2
Не разъяри?,2
Шантажируй?,2
Не возненавидь?,2
Она бесила?,4
Хандри?,1
Она не улыбнулась?,1
Встревожься?,3
Подбодрись!,0
Блаженствуй?,0
Она восхищалась.,0
Позли?,4
Она не удручила!,0
Она не надеялась.,1
Не захандри.,0
Она достала?,2
Она забеспокоилась!,3
Развеселись.,0
Она расстраивала?,1
Беспокой?,3
Она унывала!,1
Возликуй?,0
Она встревожилась!,3
Не позлись?,2
Хлебни?,2
Она восхитила?,0
Она не взбесила?,2
Она не вспылила!,0
Она обрадовалась.,0
Она не улыбалась!,1
Подивись!,2
Она насытилась?,2
Она не остолбенела?,2
Она недоумевала.,4
Перенервничай.,3
Она изумилась?,2
Не преследуй!,4
Она понравилась.,0
Она посетовала!,1
Она не разгневалась?,2
Она воодушевилась!,0
Она не веселилась!,1
Не насмехайся!,1
Она извелась.,1
Изнемоги.,1
Она пьянела!,4
Поверь!,4
Терпи?,2
Она не радовала.,1
Она не изумилась?,2
Невзлюби!,4
Она убивалась.,1
Она не обозлилась!,0
Не озлобляй?,2
Она удивляла.,2
Она не просияла?,1
Не трясись!,4
Озлобляйся?,4
Она обижалась?,1
Восхищайся!,0
Скорби.,1
Она разъярила!,4
Упивайся?,2
Не позлись!,4
Не фыркай.,4
Заволнуйся!,3
Она не измочаливала!,4
Замучься.,1
Не обалдевай?,2
Не измайся!,0
Она побаивалась.,3
Она угрожала.,4
Истоскуйся!,1
Она не ненавидела!,0
Она не позлила!,0
Она не приободрилась?,3
Она не помучилась!,0
Не разгневай!,3
Она не перетрусила.,0
Смей?,2
Она радовала!,0
Не рассмейся.,1
Не побаивайся?,2
Не взбадривайся!,1
Нервничай?,3
Не посмейся!,1
Стыдись?,3
Оплакивай!,1
Она не захандрила?,2
Она заинтересовала.,0
Переболей!,1
Она побоялась!,3
Не обозлись?,2
Стервеней!,4
Улыбнись!,0
Она содрогалась!,3
Смущай?,3
Осточертей!,4
Не дуйся.,0
Она удивляла!,2
Жги!,0
Она не казнилась!,4
Она повредила.,4
Доставай?,2
Она не изнервничалась!,4
Она потрясла!,2
Не тоскуй?,2
Она не расстроилась.,0
Она взбеленила!,4
Она озлобила!,4
Наскучь!,1
Покайся.,4
Она изныла.,1
Не подосадуй!,0
Освещай.,0
Она подавила!,4
Торжествуй?,0
Она не поражалась.,1
Она не печалилась?,2
Вознегодуй?,4
Не весели?,1
Потоскуй!,1
Не убивайся.,0
Она не возненавидела.,0
Она не обозлилась?,2
Омрачайся!,1
Не поникни?,2
Она не омрачала!,0
Не потрясай!,4
Не сердись?,2
Взбеси.,4
Не омрачайся?,2
Поплачь!,1
Не скисни.,0
Она не погрустила!,0
Она кисла!,1
Она не огорчалась!,0
Она не улыбнулась.,1
Не злобься.,0
Она затравила.,4
Она не недоумевала!,2
Она не тосковала?,2
Она не спугивала!,4
Она обижалась!,1
Она не рыдала!,0
Не расстрой?,2
Не намыкайся.,4
Не смейся.,1
Она не переутомила.,0
Она разобиделась?,1
Она не освежалась?,2
Не расстрой!,4
Она сосала?,2
Она обеспокоила!,3
Намучься?,1
Она умаяла?,1
Болей.,1
Стоскуйся.,1
Не выстрадай.,0
Она возмутила!,4
Она процветала.,0
Она обрадовалась!,0
Она не опечаливала.,0
Она прискучила!,1
Она напугалась?,3
Не надейся.,1
Не разозлись.,3
Она не обидела!,0
Поражай!,2
Она не восхитилась.,1
Она не измотала.,0
Она содрогалась.,3
Она пошутила!,0
Позлорадствуй?,4
Не убей?,2
Она не дивилась?,2
Удовлетворись!,0
Она не поразила?,2
Не смущайся?,2
Мучь!,1
Приободрись!,0
Она покаялась?,2
Она не свирепела!,0
Она не подавила?,2
Порази?,2
Она пугнула?,3
Она сломилась.,1
Она не убила.,0
Она помрачала?,1
Она наскучила?,1
Она подавила.,4
Она не обеспокоилась?,2
Прискучивай!,1
Она не скисла?,2
Она не обмирала.,0
Она не опостылела?,2
Захватывай?,2
Порадуй.,0
Не утомляйся?,2
Она затосковала!,1
Она испугала?,3
Она не торжествовала?,2
Она не стосковалась.,0
Расстройся.,1
Подосадуй.,1
Она изнемогла?,1
Она не глушила?,2
Не проклинай.,3
Она тряслась!,3
Она не скучала.,0
Загорюй?,1
Она не намыкалась!,4
Сконфузься.,3
Не воскресни.,1
Она не освещала!,1
Не приуной?,2
Она изнывала?,1
Она злобилась.,4
Расцветай!,0
Не надуйся!,0
Обомри!,1
Она обижалась.,1
Не настрадайся?,2
Не поплачь!,0
Удивляй.,2
Она скорбела!,1
Она не возмущалась?,2
Ободрись?,0
Она не обиделась!,0
Не трясись?,2
Не взбеленись.,3
Омрачай.,1
Она изнемогла!,1
Запугай!,3
Жги.,0
Соскучься?,1
Она не насладилась!,1
Не переживай.,0
Изнуряй!,1
Она не настрадалась?,2
Злей!,4
Не заинтересуй?,2
Она вознегодовала!,4
Нервируй!,3
Она не обеспокоила?,2
Не конфузься.,0
Отчаивайся!,1
Не потряси!,4
Она ликовала?,2
Воспрянь!,0
Она не беспокоилась.,0
Она не запугала.,0
Она не скисала.,0
Она не удивляла!,1
Не повеселей!,1
Она стосковалась?,1
Она не нарадовалась!,1
Она взбеленилась!,4
Она не рассвирепела?,3
Ослепи.,4
Не злобствуй?,2
Терроризируй?,4
Она тосковала?,1
Утомляйся.,1
Она не изнуряла?,2
Не казнись!,0
Изматывай?,1
Возрадуйся?,0
Она не восхищала.,1
Она ликовала!,0
Не веселись?,1
Она не резвилась.,1
Она хандрила?,1
Она не удивила.,1
Она опечаливала.,1
Вспыли!,4
Она негодовала?,4
Она не подивилась?,2
Домучься?,1
Не изнемоги!,0
Не разгневайся?,2
Она обожала?,0
Не опостылей!,4
Не процветай!,1
Она не наскучила.,0
Не рассерчай?,2
Не переутоми!,4
Скучай.,1
Не переутоми.,4
Закручинься?,1
Она не хихикала?,2
Не угрюмей!,0
Она не тревожилась.,0
Она не злела?,2
Она стосковалась.,1
Она не осерчала?,2
Волнуй!,3
Она досадовала!,1
Не нарадуйся!,1
Она не насмехалась?,2
Она раздосадовалась.,1
Она не помрачилась?,2
Не раздави?,2
Она расстраивалась?,1
Она не радовалась.,1
Развлекись!,0
Не тушуйся.,0
Раздразнивай?,2
Ужаснись?,3
Позлорадствуй.,4
Гордись.,0
Она не обожала?,1
Она пригорюнилась?,1
Не жалей.,0
Не поникни.,0
Она устыдилась?,3
Позабавься!,0
Не позли.,3
Не пугани!,3
Ужасайся!,3
Она не разволновала?,2
Страши!,3
Она не изныла.,0
Печаль.,1
Она не промаялась.,0
Она резвилась!,0
Она не ужасалась.,0
Она не перенервничала!,0
Травмируй.,4
Не убивайся!,0
Не страшись?,2
Не интересуйся?,2
Она взбеленилась?,4
Она подивила.,2
Не обомри!,4
Она не возненавидела?,2
Она не озлила!,0
Подступай?,2
Страшись!,3
Она не развеселила.,1
Она не растревожила!,0
Она развеселилась!,0
Она удовлетворялась!,0
Она захандрила.,1
Спугивай?,3
Она огорчила.,1
Струси!,3
Удивляйся!,2
Не любуйся.,1
Понравься?,0
Прослезись!,1
Стыдись.,3
Не расцвети!,1
Не промайся?,2
Наскучивай.,1
Она терроризировала.,4
Не любуйся?,2
Не изнемогай?,2
Она не уважала!,4
Она не перепугала!,0
Травмируй!,4
Не льсти!,4
Не страшись.,0
Она не изнывала!,0
Погрустней?,1
Она поразила.,2
Она побаивалась?,3
Не осерчай?,2
Переживай.,1
Она не смеялась?,1
Она жгла?,2
Не болей!,0
Изнывай!,1
Она не боялась!,0
Она обидела?,1
Она грустила!,1
Не гнети?,2
Озлобляйся.,4
Испугайся!,3
Не плачь.,0
Она не озлобилась.,0
Тяготи!,1
Не освещай?,2
Она переволновала.,3
Не утомляйся!,0
Не опечалься!,0
Понравься.,0
Она мучилась.,1
Она не угнетала?,3
Не болей?,2
Она не выстрадала?,2
Омрачись.,1
Она не расстроилась!,0
Любуйся.,0
Она не надоела.,0
Она омрачала!,1
Она не измучилась.,0
Поощряй?,0
Раздражай?,4
Не трепещи!,0
Разозлись.,4
Топай?,2
Она понервничала?,3
Она не выстрадала.,0
Повеселись?,0
Она поникла!,1
Она любила.,0
Она не понравилась?,1
Не возмущай?,2
Она ужаснулась.,3
Она не подбодрилась?,2
Разъярись!,4
Обмирай?,1
Она не сохла.,0
Она не приунывала.,0
Не перетерпи!,4
Не прогневайся?,2
Помрачайся.,1
Не изматывай?,2
Она не потосковала.,0
Она процветала!,1
Не освежи?,2
Радуй?,0
Освежайся.,0
Казнись.,1
Она не негодовала.,0
Помрачи!,3
Не злорадствуй?,2
Она не приунывала?,0
Она злобилась?,4
Сломись?,2
Не смущайся.,0
Она не разозлилась?,3
Она не подружилась.,1
Развлеки?,0
Она не стеснялась.,0
Надейся.,0
Радуй!,0
Изматывай!,1
Она не промаялась!,0
Она опасалась.,3
Просияй.,0
Она озлила!,4
Не услаждайся?,1
Не взбесись.,3
Она ужаснулась!,3
Озли?,4
Она не стосковалась!,0
Она осерчала!,4
Она не устыдилась!,0
Она перенервничала.,3
Взорвись?,2
Она погоревала?,1
Не разозлись!,3
Рассердись?,4
Она струхнула!,3
Она не помрачила.,0
Воскресай?,2
Понравься!,0
Она блаженствовала?,0
Приободряйся.,0
Труси.,3
Она не удовлетворяла!,4
Переволнуй.,3
Разобидься.,1
Не взбадривайся.,1
Переволнуйся!,3
Загорюй.,1
Она не стервенела.,0
Она обеспокоилась!,3
Она ужаснула.,3
Не глуши?,2
Не пугай!,4
Тревожься.,3
Заскучай!,1
Не весели.,1
Не надоешь.,0
Сердись.,4
Не убойся?,2
Злей.,4
Нарадуйся.,0
Не расстраивайся?,0
Не развлекись.,1
Она не расцветала?,2
Она не злобствовала?,2
Убей?,4
Она дивилась!,2
Не устрашайся?,2
Она не застращала?,2
Она не приуныла!,0
Она утомлялась.,1
Не воодушевись.,1
Тяготи.,1
Она разгневала!,4
Не поражай?,2
Не захватывай?,2
Она не закручинилась!,0
Она не обижалась.,0
Не струси!,0
Она не недоумевала?,2
Не переболей!,3
Не удручай.,0
Она напугалась!,3
Она тяготила!,1
Не ободряйся!,1
Она тосковала!,1
Она не исстрадалась.,0
Ужасай?,3
Промайся?,1
Не раздражай!,4
Она разочаровала!,1
Не точи!,4
Не серчай.,3
Она не хлебнула!,4
Серди!,4
Она не побаивалась?,2
Она не казнилась?,2
Не злорадствуй!,4
Убивайся?,1
Испугайся.,3
Растревожь?,3
Она извелась?,1
Она убила.,4
Не помучься!,0
Она не истомилась?,2
Рыдай?,1
Сокрушайся?,1
Не скисай?,2
Она подавляла!,4
Она возмутила?,4
Она не удручала?,2
Она услаждалась.,0
Не сокруши?,2
Она не взбодрилась.,1
Она конфузилась?,3
Она не озлобила!,0
Волнуйся?,3
Она не позлорадствовала?,2
Не никни!,0
Не подави!,4
Не помрачи!,0
Не обрадуй!,1
Она не раздразнивала?,2
Она изумила?,2
Она льстила.,0
Она недолюбливала!,4
Она тушевалась!,3
Она проплакала.,1
Она обозлила.,4
Она не хмурилась.,0
Не разочаруй?,2
Не разъярись!,3
Возрыдай!,1
Злись!,4
Беспокойся!,3
Резвись!,0
Она гневалась?,4
Она не страшилась.,0
Она не стыдилась!,0
Она исстрадалась!,1
Окрылись.,0
Порадуйся.,0
Печалься.,1
Не соскучься?,2
Не растревожь!,4
Не струхни.,0
Не разозли!,3
Она не поникла?,2
Она не помрачила!,0
Обомри.,3
Раздосадуйся.,1
Не позабавься?,2
Она помрачала.,1
Она не переболела?,2
Она приободрялась!,0
Не волнуй!,4
Глуши.,1
Позли.,4
Она не угрюмела.,0
Не тяготи.,4
Она не устрашала!,0
Не позабавься.,1
Она не ужаснулась?,2
Умай.,1
Разгневайся?,4
Позлись!,4
Не посмейся?,2
Она не кручинилась!,0
Она наскучила!,1
Не свирепей.,3
Не казнись?,2
Она не пошутила!,1
Она не утомилась?,2
Не ужаснись!,2
Жалей!,1
Она не расцвела!,1
Не надуйся.,4
Помрачайся!,1
Она не переболела!,1
Она не возвеселилась?,1
Она возненавидела!,4
Она ранила.,1
Она не повеселилась!,1
Не напугайся?,2
Истерзайся!,1
Не разнервничайся!,0
Не загорюй?,2
Не встревожься.,0
Она омрачилась.,1
Она приободрялась?,0
Она не проклинала?,3
Не коли?,2
Она не гордилась?,1
Сокрушайся!,1
Насмехайся?,2
Она не фыркала?,2
Она не сокрушила.,0
Не взвой!,4
Она не умаивала!,0
Грусти.,1
Не соси?,2
Изуми?,2
Не рань?,2
Она не прискучивала!,0
Она воскрешала!,0
Пой!,0
Она обозлила?,4
Измочаливай.,1
Рань.,1
Она измучилась?,1
Она позлила.,4
Она освежилась!,0
Не взволнуйся?,2
Она запугивала!,3
Она подивилась?,2
Не интересуйся!,4
Не осерчай!,3
Она не обеспокоилась!,2
Она нервировала!,3
Она не истосковалась?,2
Она не понравилась!,4
Приободряйся?,0
Она обожала!,0
Она обрадовала.,0
Она не посмеивалась!,1
Пошути?,0
Она трусила!,3
Встревожь.,3
Она оплакала?,1
Она не поплакала.,0
Она не струсила?,2
Не трепещи?,2
Она не возрадовалась.,1
Она сокрушалась.,1
Унывай?,1
Не погорюй!,0
Она не воскресала?,2
Она возликовала!,0
Она волновала?,3
Не насыщайся.,1
Она не выстрадала!,4
Она ярилась?,4
Не осточертей!,4
Она позабавилась?,0
Встряхивайся!,0
Серди.,4
Переутоми!,1
Не невзлюби.,4
Она не разгневалась!,2
Прослезись.,1
Она пугнула!,3
Она не восторгалась?,1
Она смущалась.,3
Она ошеломила!,2
Терроризируй.,4
Она не перетерпела?,2
Тушуйся.,3
Позлись?,4
Измочаливай!,4
Отпугивай?,3
Удивляй?,2
Пригорюнься!,1
Не ужасни!,4
Она тушевалась?,3
Повреди!,4
Она тяготила?,2
Хихикай!,0
Она не испугала?,2
Она разозлилась.,4
Не понравься!,4
Зли?,4
Отчаивайся?,1
Она надивилась?,2
Она прискучила.,1
Возмутись!,4
Она раздосадовала.,1
Не прогневайся!,3
Не оплакивай?,2
Помрачай.,1
Она насладилась.,0
Не истомись!,4
Она не обмирала!,2
Порадуйся?,0
Она разобиделась.,1
Она гневалась!,4
Она посетовала?,1
Не стращай.,0
Она не раздражалась!,0
Она не расстраивалась?,2
Не приунывай.,0
Она погневалась.,4
Тоскуй!,1
Она разъярилась.,4
Не изуми?,2
Она погрустила!,1
Не замучивайся?,2
Она испугала.,3
Не жги?,2
Она раздразнивала?,2
Изнервничайся?,3
Она не возмущала?,2
Она не ужасалась!,2
Не надоедай.,4
Не унывай.,0
Не топай!,4
Натерпись.,1
Не запугивай!,4
Она не любовалась!,1
Она не озлобляла.,0
Она заинтересовала?,0
Изматывайся.,1
Измотайся!,1
Она не ободрялась?,2
Любуйся?,0
Она поплакала?,1
Она не обмерла!,0
Она тужила!,1
Забойся!,3
Пугай!,3
Она возмущала?,4
Устрашай?,3
Не изнуряй?,2
Она не позлорадствовала.,1
Она не трепетала?,2
Она не раздосадовала?,2
Она не переутомила?,2
Она позлила?,4
Она не истомилась!,0
Она не рассердилась!,0
Не запугай?,2
Она не хмурилась!,4
Воспрянь?,0
Не возненавидь!,3
Не утомляй?,0
Возмущайся?,4
Она умаивала!,1
Она возвеселилась.,0
Она не поощряла!,4
Она не умаяла!,0
Опасайся?,3
Она сохла?,2
Не отпугивай!,4
Не злись?,2
Она измоталась.,1
Она огорчала!,1
Она умаялась?,2
Не расстраивайся!,0
Она не изматывалась?,2
Она не плавала?,2
Она дулась!,1
Она не спугивала?,2
Она упивалась?,2
Она не злила!,0
Воскреси?,2
Удивись!,2
Не раздражай?,2
Она потосковала?,1
Просияй!,0
Она не посмеялась.,1
Она остолбенела?,2
Она не удручала!,0
Она серчала.,4
Опостылей?,1
Поверь?,2
Не никни.,0
Разъярись?,4
Она не изматывалась!,0
Она не потосковала!,0
Она не угнетала.,0
Обидь.,1
Она болела!,1
Не волнуйся?,2
Она веселилась?,0
Она разнервничалась.,3
Раздражись.,4
Она затравила!,4
Она не сердилась?,3
Она не застращала!,0
Радуйся!,0
Она не освежила!,1
Она омрачилась!,1
Она не кисла.,0
Она не истосковалась!,0
Она не мучилась!,0
Смутись.,3
Разозли!,4
Не развлекай!,1
Не надуйся?,2
Она не торжествовала.,1
Она не оплакивала?,2
Понервничай?,3
Удиви!,2
Она не убивалась.,0
Она не потосковала?,2
Не растревоживай!,4
Она подшучивала.,0
Она запугивала.,3
Она волновалась?,3
Соси?,2
Она не мучила?,3
Она взбадривалась?,0
Прискучь!,1
Она интересовалась!,0
Опасайся!,4
Убивайся!,1
Не расцвети.,1
Она не стыдилась?,2
Она поволновалась.,3
Не погневайся!,3
Она не позлилась!,0
Не раздражайся!,3
Она не изматывала!,0
Она выматывала.,1
Не побойся!,0
Она убивала?,3
Истерзайся.,1
Изнури!,1
Осердись?,4
Не посмеивайся?,1
Она не трепетала!,2
Она соскучилась?,1
Она паниковала?,3
Она развеселилась.,0
Стоскуйся!,1
Она любила?,0
Она вдохновлялась.,0
Она не взбадривалась?,2
Она не дивила?,2
Злись.,4
Она не оплакала.,0
Она обеспокоила.,3
Привязывайся?,2
Не подавляй!,4
Она мучилась!,1
Хмурься!,1
Не озлобляйся?,0
Не разочаруй!,4
Она не измотала!,0
Она не развеселила?,2
Она насытилась!,0
Она доставала!,4
Не сдрейфи!,0
Затрави?,4
Она не сломила!,0
Гневайся.,4
Она не озлобилась!,0
Она не замучилась.,0
Она взбесилась?,4
Она пугала!,3
Балдей?,0
Серчай?,4
Не ликуй!,1
Она не мучилась?,2
Она обожглась.,1
Уважай!,4
Она не омрачила.,0
Затоскуй!,1
Она напугала!,3
Она встревожилась.,2
Радуйся.,0
Она не омрачала?,2
Она злилась.,4
Не беси.,4
Она топала?,2
Она стервенела!,4
Она не сникала.,0
Содрогайся.,3
Подивись?,2
Она восторгалась.,0
Она осточертела?,4
Не возрадуйся.,1
Она не прискучила?,2
Она струсила?,3
Она раздражалась!,4
Не помучься?,2
Она не опечалила?,2
Она не поплакала?,2
Ужасайся.,3
Она не пуганула?,2
Она разозлила?,4
Она привязывалась?,4
Она не замучивалась!,0
Она стыдилась.,3
Не восхищай?,2
Огорчай?,1
Она не осознавала!,4
Она не гневалась?,3
Она любовалась?,0
Опечаль!,1
Никни?,1
Не вымотай?,2
Она радовала?,0
Поволнуйся!,3
Она устрашилась.,3
Не растревоживай?,2
Она стосковалась!,1
Удовлетворяй?,0
Она не ликовала.,1
Она не напугала.,0
Не наскучь!,0
Она растревоживала.,2
Она презирала?,2
Она измотала?,1
Она не горевала.,0
Она не сконфузилась.,0
Запугивай?,3
Она рассерчала?,4
Не взбеленись!,4
Она окрылила!,0
Она не поверила?,2
Она захандрила?,1
Она подивилась!,2
Ужасни!,3
Она раздражилась?,4
Она не посмеялась!,1
Она испугалась.,3
Возрыдай.,1
Она обожала.,0
Она подружилась!,0
Перепугай?,3
Подавляй!,4
Она не тревожилась?,2
Она злила.,4
Сохни?,2
Взбесись?,4
Она не заволновалась?,2
Она не восторгала!,4
Она надивилась.,2
Она восхитилась!,0
Стоскуйся?,1
Она светилась.,0
Не опечалься?,0
Не досадуй?,2
Поражайся.,2
Она мечтала!,0
Она удивила.,2
Она не озлобила?,3
Она не переволновалась?,2
Напугай!,3
Она обидела.,1
Она стращала.,3
Она посмеивалась.,0
Она не поощряла.,4
Она помрачила.,1
Не измайся.,0
Устыдись?,3
Не бойся?,2
Она не ненавидела.,0
Подосадуй?,1
Она не травмировала!,4
Не встряхнись!,1
Она загрустила?,1
Она развлекла.,0
Возликуй!,0
Она не подавила!,0
Она умаялась.,1
Она восхищала?,0
Скучай!,1
Она не погоревала?,2
Она не восхищалась?,2
Она печалилась?,1
Она угнетала.,1
Она не обалдевала?,2
Она не досадовала.,0
Она не приободрялась?,2
Она насмехалась!,0
Изумись!,2
Она воскресила!,2
Взволнуй.,3
Она поражала!,2
Опостылей!,1
Она не поражала?,2
Она озлобляла?,2
Посмейся!,0
Умай!,1
Не погрустней.,0
Она не разочаровалась.,0
Воодушевись.,0
Она не освежала.,1
Не порадуйся!,1
Не разгневай?,2
Не погрусти!,0
Недолюбливай?,4
Она жгла!,0
Не встряхнись?,2
Она захандрила!,1
Она не наскучивала?,2
Она обозлилась!,4
Она потрясла.,3
Подосадуй!,1
Разозли.,4
Она не омрачилась?,2
Взорви!,4
Она рассвирепела?,4
Она выматывала!,1
Не перетрусь!,0
Не вдохновляйся!,1
Она не обозлилась.,0
Она не истерзалась.,0
Не цвети?,2
Она проклинала.,4
Она рассвирепела.,4
Соси!,4
Не дрожи!,4
Осерчай.,4
Она не помрачала!,4
Взволнуй!,3
Удиви?,2
Она не освежалась!,4
Она встревожилась?,3
Расстройся?,1
Не майся?,2
Не обожгись!,3
Она не взгрустнула.,0
Не осерчай.,3
Она раздразнила?,2
Угнетай.,1
Изнервничайся.,3
Не мечтай!,4
Злобься.,4
Не опасайся?,2
Наскучь.,1
Она надоела!,4
Не насыться?,2
Она разочаровалась!,1
Она не жалела!,0
Не пригорюнься.,0
Она устрашала?,3
Она кручинилась.,1
Она переживала!,3
Устраши.,3
Она разочаровалась.,1
Она дрейфила!,3
Она не сникла.,0
Не воскрешай!,4
Нервируй?,3
Она не разнервничалась!,0
Она не проклинала.,0
Она тосковала.,1
Не восхити!,1
Она не веселила?,1
Радуйся?,0
Терзайся!,1
Не отчайся.,0
Сломи.,4
Изведись!,1
Она замучилась?,2
Не рассердись!,3
Она не огорчилась.,0
Она не испугалась!,0
Не приуной!,0
Рассерди?,4
Она возвеселилась!,0
Не гневи?,2
Возвеселись?,0
Она не печалила.,0
Удовольствуйся?,0
Прискучивай.,1
Она не надивилась!,1
Она перепугала!,3
Она не переволновала!,0
Она освещала?,2
Не улыбайся.,1
Она не настрадалась!,4
Не труси!,0
Стервеней.,4
Она не стервенела!,0
Она веселила.,0
Рань!,1
Загорюй!,1
Она не рыдала.,0
Изной.,1
Не удручай?,2
Не разревись!,4
Злобствуй.,4
Промайся.,1
Взбелени?,4
Не убойся.,0
Она не запугала?,2
Она не жгла?,2
Обидь!,1
Она не встревожила!,0
Озлобляй?,4
Она не удручила?,2
Утоми?,2
Не погрустней!,0
Не умай!,4
Не возмущайся.,4
Она взвыла?,1
Отчайся!,1
Терпи!,4
Она не топала?,2
Она смела!,4
Она не грустила?,2
Она не подшучивала.,1
Не серди.,3
Она не устыдилась?,0
Она не обмерла.,0
Она не дулась.,0
Она подосадовала?,1
Не пугани?,2
Не раздосадуй?,2
Она не позлила?,2
Замучивайся.,1
Она соскучилась.,1
Не люби?,1
Она не раздразнивала!,4
Она изводилась.,1
Она не тосковала.,0
Изматывайся?,1
Не оплакивай.,0
Не раздосадуйся.,0
Не страдай!,0
Изнемогай.,1
Она помрачалась?,1
Она нарадовалась.,0
Не пошути?,2
Она вспылила!,4
Не жги!,3
Стервеней?,4
Мучься.,1
Она разревелась.,1
Не кисни.,0
Не обалдей?,4
Не развеселись?,1
Не опечаливай?,0
Она не удивляла.,1
Она не раздражала.,0
Не рассерчай!,3
Она воскресила?,2
Не исстрадайся?,2
Она не смущала?,2
Не паникуй?,2
Она не блаженствовала?,2
Она грустила?,1
Она истосковалась!,1
Не возликуй?,1
Она недолюбливала?,4
Она вымотала?,1
Не озлобляй!,4
Она сердилась.,4
Она не замучивалась?,2
Не замучивайся.,0
Она преследовала!,3
Окрысься.,4
Она страшила?,3
Она не взволновала!,1
Погрустней.,1
Не соси!,4
Она гневила.,4
Она умаивала.,1
Она восхищалась?,0
Не леденей?,2
Она не озлилась.,0
Никни!,1
Она не рассмешила.,1
Не переживай?,2
Она разгневала?,4
Улыбайся!,0
Она не подружилась!,1
Она не озлоблялась.,0
Обидь?,1
Не затоскуй!,0
Она не ужаснула?,2
Она погневалась?,4
Она не терроризировала?,2
Она надеялась?,2
Не забойся!,0
Не отчайся!,0
Не заледеней?,2
Не перенервничай!,3
Она пошутила?,2
Не омрачи?,2
Она взбесила!,4
Не развлекись?,2
Она приуныла?,1
Она изумлялась!,2
Не рассерди!,3
Она не помучилась.,0
Не мучь!,1
Нарадуйся!,0
Она льстила!,0
Она не рассмеялась!,1
Она не окрылилась!,1
Не повеселей?,1
Свирепей!,4
Она процветала?,0
Она не осточертела!,0
Не сторонись!,4
Она не возмутилась.,0
Окрыли?,2
Она не раздосадовала.,0
Не процветай.,1
Она расцветала?,0
Не радуй!,1
Она ошеломила?,2
Дрожи!,3
Она озлобилась?,4
Не озлись.,3
Терзайся?,1
Разгневай?,4
Она улыбалась.,0
Возмущай?,2
Она гордилась?,0
Она потосковала.,1
Не улыбайся!,1
Позабавься.,0
Она загрустила.,1
Она измочаливала!,1
Волнуйся.,3
Взъярись?,4
Не тревожь?,2
Не сожалей!,0
Она осознавала?,2
Она не любила.,4
Изной!,1
Расстраивайся!,1
Не пьяней!,4
Не насладись!,1
Хихикай.,0
Она не раздосадовалась.,0
Она не ужаснулась.,0
Она не встревожилась!,0
Не обидься.,3
Не гневайся!,3
Она не резвилась?,2
Оплакивай.,1
Она не раздосадовалась?,2
Она резвилась.,0
Бойся.,3
Она не рассердила.,0
Она взбесилась.,4
Она надеялась!,0
Она не смутилась?,2
Не обеспокойся.,0
Она скучала.,1
Она позлила!,4
Она изнурила?,1
Не восхити?,1
Не улыбнись.,1
Она утомила?,1
Не утоми?,2
Не приободряйся!,1
Она не сконфузилась?,2
Она рассерчала.,4
Не достань?,2
Не измучься.,0
Не огорчись!,0
Она не позлорадствовала!,0
Она измаялась!,1
Насладись.,0
Потоскуй?,1
Она рассмеялась!,0
Она прогневалась!,4
Не проплачь!,0
Не бойся!,0
Она разъярила?,4
Она вдохновлялась?,0
Не обрадуй?,1
Она забоялась.,3
Она не погневалась!,2
Затоскуй.,1
Не окрысься!,4
Освежай!,0
Не разочаруйся.,0
Не хихикай?,2
Она разревелась?,1
Умай?,2
Не настрадайся!,4
Не помрачай?,2
Она светилась?,2
Истоскуйся?,1
Она растревожила.,3
Она не изумлялась?,2
Не струси?,2
Изумляйся.,2
Не потряси?,2
Резвись?,0
Страши?,3
Не загорюй!,0
Она не осерчала!,0
Она не оплакивала.,0
Она не освежилась?,2
Она не скучала?,2
Не презирай.,3
Она горевала.,1
Восхитись?,0
Она не возмутила.,0
Она не упилась?,2
Развеселись!,0
Она обиделась!,1
Раздави.,4
Она паниковала!,3
Не раздразнивай!,4
Она не окрысилась!,0
Бесись?,4
Не взгрустни!,0
Ненавидь?,4
Она злела.,4
Она отчаялась?,1
Разъяри?,4
Она недоумевала?,2
Она не восхищала!,1
Не подшучивай.,1
Удиви.,1
Горюй.,1
Она не освежалась.,1
Она не вспылила?,3
Вознегодуй!,4
Она не обожала.,1
Она смела.,4
Она закручинилась.,1
Восхищай?,0
Она поникла?,1
Она встряхивалась?,2
Не расцветай?,2
Она помрачалась!,1
Рассерчай!,4
Она захватывала?,3
Она устрашалась?,3
Она переволновала?,3
Убей!,4
Она не рассвирепела.,0
Она не домучилась!,2
Не подавляй?,2
Она не заинтересовала!,4
Она жалела!,1
Подави.,4
Не обомри.,0
Не изнуряй.,0
Она изнуряла!,1
Не стоскуйся!,0
Она не закручинилась.,0
Она не возмутилась?,2
Надивись.,2
Она не освещала?,2
Она не убивала!,4
Она посмеивалась?,0
Она страдала!,1
Не поражайся!,0
Не раздражись.,3
Она не грустила!,0
Не гневайся.,3
Не разгневайся!,3
Не прискучивай?,2
Поникни!,1
Она не кисла!,0
Она не побоялась.,0
Она не хандрила?,2
Не восторгай?,1
Она поощряла?,0
Она не трусила.,0
Наслаждайся!,0
Поразись?,0
Она просияла.,0
Она взбадривалась!,0
Устыдись.,3
Конфузься.,3
Она не озлобляла!,0
Она не гневалась!,0
Она настрадалась.,1
Она не натерпелась!,0
Она не волновалась!,0
Погорюй?,1
Не переверни!,4
Омрачайся?,1
Мучься!,1
Она утомилась!,1
Не обожай?,1
Она не развлеклась?,2
Взъярись.,4
Она пуганула!,3
Она оплакивала.,1
Она отпугивала.,3
Забеспокойся.,3
Она не поразилась?,2
Она горевала!,1
Она не изнемогала?,2
Она остолбенела!,3
Не переутоми?,2
Она не мечтала?,2
Она не осточертела.,0
Не свирепей!,4
Она не умаяла?,2
Насыться?,2
Не погрусти.,0
Она не развеселилась.,1
Не обожгись?,2
Не удивляйся!,4
Она не упивалась?,2
Не зли?,2
Она перепугала?,3
Она не приободрилась.,1
Она сердила?,4
Взбесись!,4
Не нарадуйся?,2
Хвати?,2
Она растревоживала!,3
Она не побоялась?,2
Преследуй?,2
Она не заледенела!,0
Она не унывала.,0
Она не сдрейфила!,0
Не пригорюнься!,0
Перетревожь?,3
Не подружись?,2
Она боялась?,3
Надоешь.,1
Не изматывайся.,0
Она изводилась?,1
Она не перетрусила!,0
Разочаруй.,1
Она не восхищала?,2
Она не застращала.,0
Не изной?,2
Не ужаснись?,2
Не пой?,2
Смущайся?,3
Не измотай?,2
Не печаль.,0
Она не поощряла?,2
Упивайся.,4
Развлекайся.,0
Она не воспрянула.,1
Она не воспрянула?,2
Она осердилась!,4
Она не тосковала!,0
Не убивайся?,2
Рассмейся.,0
Она освещала!,0
Она тревожилась.,3
Она возмущалась!,4
Умаивай.,1
Она бесила!,4
Она освежила?,0
Она не блаженствовала.,1
Расцветай.,0
Она взорвала?,2
Она презирала!,4
Не застращай?,2
Она устрашила!,3
Она не загоревала!,0
Беси!,4
Не угрожай?,3
Она не насыщалась!,1
Возненавидь?,4
Устраши!,3
Она не возвеселилась.,1
Не побойся?,2
Она расцвела.,0
Она просияла?,2
Не цвети!,1
Не терроризируй.,1
Она удивилась?,2
Прогневай!,4
Сохни!,4
Изводись?,1
Она не измоталась?,2
Остолбеней!,4
Обеспокойся.,3
Она не удовлетворяла?,1
Льсти.,0
Она удовольствовалась.,0
Болей?,2
Она не дрейфила.,0
Она не остолбенела!,4
Не сокрушайся.,0
Испугай.,3
Не озли!,4
Не устрашай!,2
Не предвкушай?,2
Она сердилась!,4
Она не пугала.,0
Не тушуйся!,0
Она не возненавидела!,0
Подшучивай!,0
Она не позабавилась?,1
Возмущай!,4
Она не прискучивала?,0
Весели!,0
Она не взбадривалась!,1
Она мучила.,1
Она понравилась?,2
Она не разочаровала.,0
Она не беспокоилась?,2
Не раздражайся?,2
Она удовольствовалась?,0
Она не ярилась!,0
Она не измоталась!,0
Она не побаивалась!,0
Обозли.,4
Озлись.,4
Не рассерди.,0
Омрачай?,1
Не невзлюби!,3
Переболей.,1
Она закручинилась?,1
Не разнервничайся.,0
Она не поднимала?,2
Она не бесилась!,0
Она не расстроила!,0
Не рассерчай.,3
Она не заскучала!,0
Она переживала.,3
Ужаснись!,3
Она не опупела?,4
Она не маялась?,2
Она оплакала!,1
Она не волновала!,4
Она цвела!,0
Содрогайся!,3
Процветай?,0
Выстрадай?,1
Она не туманилась?,2
Не перепугайся?,2
Она не умаяла.,0
Расстраивай.,1
Не стервеней!,4
Она удивила?,2
Она позлорадствовала!,4
Она злорадствовала?,4
Опупей?,2
Она не взбеленила!,0
Она не перевернула?,2
Она ободрилась!,0
Она не вытерпела?,2
Она восторгала!,0
Она ранила?,2
Не убей!,3
Она не разъярилась!,2
Не огорчайся?,2
Окрысься?,4
Не вспыли?,2
Она не изнывала.,0
Она изнуряла.,1
Не прискучь!,4
Не хмурься?,2
Она надулась?,2
Она не потрясла!,4
Она болела?,2
Она не просияла.,1
Не промайся!,0
Не сохни!,0
Она обозлилась.,4
Рассердись.,4
Мечтай!,0
Она не смутилась.,0
Она не поплакала!,0
Не обижайся!,0
Она разозлила.,4
Не приунывай!,0
Она приободрилась?,0
Она разгневала.,4
Она не подступала.,3
Она насыщалась!,0
Озлобляйся!,4
Не удовлетворяй!,4
Люби?,2
Она озлилась!,4
Обижайся.,1
Она не нарадовалась.,0
Опьяней?,2
Напугайся?,3
Не негодуй.,0
Она изводилась!,1
Не дави.,1
Рассмейся?,0
Она обожглась?,3
Не перенервничай?,2
Тужи!,1
Она посмеялась.,0
Она проплакала!,1
Не освежай?,2
Она не терзалась?,0
Она не развлекла?,1
Она не взъярилась!,2
Она погрустила.,1
Изнуряй?,1
Она освежилась?,2
Не ужасни?,2
Не приободрись?,2
Она разозлилась?,4
Возмути.,4
Она не возмутила?,2
Не волнуйся.,0
Она не прискучила.,0
Она сожалела!,1
Не упивайся.,1
Она не раздражилась.,0
Она не пьянела!,4
Опостылей.,1
Не взорвись!,4
Она сдрейфила?,3
Она не утомила!,0
Она не злорадствовала!,0
Не помрачись?,2
Не грусти!,0
Не светись.,1
Она раздосадовала?,4
Сникай?,1
Подиви!,2
Не рыдай!,4
Она не ободрилась?,1
Трепещи?,3
Прогневай?,4
Не удовлетворяйся.,1
Не омрачайся!,0
Не пригорюнься?,2
Страши.,3
Она не злорадствовала.,0
Не восхитись?,2
Она не подбодрилась.,0
Воскрешай?,2
Она не восторгала?,2
Она приуныла.,1
Она рассвирепела!,4
Воскресни?,2
Она боялась.,3
Сникни?,1
Она удручила!,1
Она не посетовала.,0
Не помрачайся.,0
Она устрашалась!,3
Она не волновала?,2
Пугайся?,3
Не отчаивайся!,0
Проплачь!,1
Она не леденила?,2
Она разволновала?,3
Не рань!,3
Не погрустней?,0
Настрадайся!,1
Она не опечалилась.,0
Не стесняйся?,2
Она не намучилась!,4
Она улыбнулась?,0
Переволнуйся?,3
Она омрачала?,1
Она не предвкушала.,1
Она изумила.,2
Не льсти.,4
Она не переволновала?,2
Она не трепетала.,1
Она исстрадалась?,1
Окрыли!,0
Она подшучивала!,0
Она смутилась.,1
Она обалдела?,2
Устыдись!,4
Она не дивилась!,4
Позабавься?,0
Огорчайся?,1
Она не разъярилась?,3
Она дрожала!,3
Досадуй!,1
Она не расстраивала.,0
Сникни.,1
Она удовлетворялась.,0
Она не раздавила?,2
Смущай.,3
Она убоялась.,3
Она озлобилась.,4
Расстраивай?,1
Сломись!,4
Она трепетала!,3
Она дивила!,2
Она пугалась?,3
Она вознегодовала?,4
Она предвкушала?,0
Надоедай?,1
Не возрыдай?,2
Она не выматывала!,0
Не сникни.,0
Она не насытилась.,1
Она не изнемогла!,0
Она страдала?,1
Она не плакала.,0
Взорвись!,4
Она нервировала.,3
Развлекись.,0
Торжествуй.,0
Она не умаивала.,0
Она сломила.,1
Гнети.,4
Она не насладилась.,1
Она изумляла.,2
Она не прогневала!,0
Она не прогневалась.,0
Не омрачи!,4
Она гнела.,4
Тревожься?,3
Она подступала?,2
Она не вымотала?,2
Измочаль.,4
Она обмирала.,1
Она не погоревала!,0
Она переутомляла?,2
Она не насладилась?,1
Обеспокойся?,3
Не пугай?,2
Не взгрустни.,0
Взорвись.,4
Сторонись?,3
Она не изумляла.,1
Она не раздразнила?,2
Она не наслаждалась!,1
Сдрейфи?,3
Не осердись.,3
Она не напугалась?,2
Она не изумила!,1
Не взбодрись!,1
Паникуй?,3
Она омрачалась.,1
Не поражай!,1
Она обрадовала?,0
Не восторгайся?,1
Она сторонилась.,3
Она не расстроилась?,0
Травмируй?,4
Не конфузься?,2
Не просияй!,1
Не взъярись.,3
Не унывай?,2
Перетревожь.,3
Не угнетай?,2
Она возмущалась?,4
Она разочаровала.,1
Удовлетворяйся.,0
Она расстроилась!,1
Она развлеклась?,0
Она воскрешала?,2
Взбеленись?,4
Она не замучилась!,0
Она сломила!,0
Она вытерпела?,2
Разъяри!,4
Не озлись!,3
Не раздразни.,3
Уважай?,2
Не омрачай.,0
Она воодушевилась?,0
Переутоми.,1
Застращай!,3
Не отчайся?,2
Она не мучила!,0
Ободрись.,0
Не домучься.,0
Не обеспокой?,2
Она переутомила!,4
Она раздражала.,4
Она не переживала?,2
Она бесилась?,4
Она подавила?,4
Она не скорбела.,0
Не опьяней!,4
Она не порадовалась?,1
Она смущала?,3
Она не огорчала?,2
Она не изныла?,2
Она сникла!,1
Кисни!,1
Она погневалась!,4
Она перетрусила?,3
Опечалься!,1
Не намучься.,0
Она не обрадовала.,1
Рассерди.,4
Она не исстрадалась!,4
Не изнемоги?,2
Приободрись.,0
Не обрадуйся.,1
Не дуйся!,0
Не удовлетворяй?,1
Не позабавься!,1
Она взъярилась!,4
Она не развлекалась?,1
Она мучилась?,1
Она подавляла.,4
Она не пугала?,2
Она улыбалась!,0
Она не веселилась?,1
Она не невзлюбила!,0
Она не омрачила!,0
Не окрылись!,1
Она тужила?,1
Она не изнемогла.,0
Она пугалась!,3
Казнись?,2
Не казнись.,0
Она не помрачилась!,2
Она не намыкалась?,2
Она не сохла!,4
Она не взгрустнула!,0
Развлекайся!,0
Она окрысилась?,4
Она воодушевилась.,0
Удовлетворяйся?,0
Насмехайся!,0
Она поникла.,1
Не помрачи.,0
Не опечаль?,2
Она не опостылела.,0
Предвкушай?,0
Она не посмеивалась?,2
Освежи.,0
Она прогневалась.,4
Она возмутилась.,4
Она не испугала.,0
Наскучивай?,2
Она трепетала.,3
Она не прослезилась!,2
Она раздражила!,4
Она сторонилась!,3
Не забойся?,2
Не рыдай?,2
Она побоялась.,3
Она не истерзалась!,0
Наслаждайся?,0
Она не затравила?,2
Она не обожала!,1
Она огорчалась!,1
Она не убоялась.,0
Она не обеспокоила.,0
Не наскучивай.,4
Она заскучала!,1
Оживи?,2
Она не интересовалась!,1
Она затосковала.,1
Не потоскуй!,0
Она разозлилась!,4
Тревожь!,3
Она переболела?,2
Она не покаялась!,4
Она не оживила?,2
Она не трусила?,2
Она не нарадовалась?,2
Не хихикай.,1
Она улыбнулась!,0
Погорюй.,1
Она жалела.,1
Она озлобляла!,4
Не тяготи!,4
Она не взорвалась!,4
Она промаялась.,1
Она не удивила?,2
Разочаруйся?,1
Она перевернула?,2
Она не интересовалась?,2
Она не убила?,2
Она не резвилась!,1
Она не воодушевилась?,1
Она не насытилась!,4
Она омрачила.,1
Не развлекайся?,2
Освещай?,2
Невзлюби?,4
Не погорюй?,2
Не пошути!,1
Она рассмеялась?,0
Она напугала?,3
Она не содрогалась?,2
Дави!,4
Омрачи?,1
Она не злобствовала!,0
Она перетрусила!,3
Озли.,4
Волнуй.,3
Она не поднимала!,4
Она устыдилась!,4
Паникуй!,3
Она не насытилась?,2
Негодуй.,4
Она не изматывала?,2
Она не развлекла.,1
Не горюй?,0
Не тоскуй!,0
Она не восхитила.,1
Она окрылила.,0
Помрачай?,1
Она не тряслась!,0
Она переболела!,0
Она не сожалела.,0
Она поражала?,2
Она не ранила.,0
Она не отчаивалась.,0
Она удовлетворялась?,0
Она осточертела.,4
Она не приободрялась.,1
Не позли?,2
Удовлетворяй!,0
Она не рассмеялась.,1
Посетуй.,1
Не обожай!,4
Она смеялась!,0
Она позлилась?,4
Не огорчи?,2
Она не разозлилась.,0
Она оживила!,0
Опечалься?,1
Освежи!,0
Не растревоживай.,3
Она фыркала!,4
Она не сосала?,2
Она фыркала.,4
Она не потрясала.,1
Не наскучь?,2
Она гневалась.,4
Она не прогневалась?,3
Не поплачь?,2
Не тушуйся?,0
Не взбесись?,2
Она не натерпелась?,4
Побойся.,3
Не подступай!,4
Она хлебнула?,2
Она маялась!,1
Отчайся.,1
Она подбодрилась?,0
Не возрыдай!,0
Не хандри.,0
Выматывай?,1
Не дрейфи?,2
Не встревожь?,2
Она не льстила?,2
Она не взвыла.,0
Она поразилась.,2
Заскучай?,1
Не захватывай!,4
Она освежила!,0
Она терпела?,2
Отчаивайся.,1
Не взвой.,4
Не томись.,0
Она возмущалась.,4
Не разгневай.,3
Изумляй!,2
Не переутомляй!,4
Насладись?,0
Не балдей.,1
Не струси.,0
Она конфузилась.,3
Не изводись.,0
Она не устрашала?,2
Она не льстила!,4
Она подружилась.,0
Она воскресла?,2
Она хандрила.,1
Она поразилась!,2
Не ярись!,3
Она окрылилась!,0
Она злорадствовала.,4
Она развеселила.,0
Она не казнилась.,0
Она не рассмешила?,2
Сокруши!,4
Не помрачи?,2
Она измотала!,4
Оплакивай?,1
Изнемоги?,1
Она не сломилась!,0
Не возмути.,0
Она не порадовала!,1
Она не удивилась.,1
Посмейся?,0
Не огорчись?,2
Не плавай!,4
Она взбодрилась!,0
Она не изнурила?,2
Она пьянела?,2
Не перепугай!,4
Дрейфи.,3
Она не истерзалась?,2
Она не томилась?,0
Она приунывала?,1
Она удивлялась!,2
Она приободрилась.,0
Напугай?,3
Не досадуй!,0
Она озлобила?,4
Она недоумевала!,2
Не опечаль.,0
Она разъярилась?,4
Льсти!,0
Восхити!,0
Она посмеивалась!,0
Озлобься?,4
Она рассердила!,4
Она загрустила!,1
Не развеселись.,1
Обалдей?,2
Не истерзайся!,4
Она намучилась.,1
Печаль?,1
Поражай.,2
Не ободрись.,1
Она поверила!,2
Изматывай.,1
Она не тушевалась.,0
Перенервничай!,3
Подави!,4
Побаивайся?,3
Злобься?,4
Переверни!,4
Она расцветала.,0
Раздразни.,0
Не радуйся.,1
Не замучивайся!,0
Не угрюмей?,2
Не устрашись?,2
Она поплакала!,1
Взвой!,1
Ошеломи?,2
Она замучилась.,1
Она изнурила.,1
Не нервируй!,4
Она нервировала?,3
Она изумляла!,3
Не отчаивайся.,0
Она не отчаялась.,0
Не тужи.,0
Она раздражила.,4
Не освежись?,2
Не прослезись?,2
Она не смущалась.,0
Она насмехалась.,0
Она торжествовала?,0
Не ободрись?,1
Она не воскресла!,1
Она не подружилась?,2
Разобидься!,4
Не возрадуйся!,1
Она не бесилась?,2
Она не огорчалась.,0
Взбеленись.,4
Струси.,3
Не разнервничайся?,2
Озлобься.,4
Раздражайся.,4
Не серди!,3
Она запугивала?,3
Она радовалась?,0
Она взбесила?,4
Не встревожь!,4
Она не пугалась?,2
Не стращай?,2
Она не угнетала!,4
Не унывай!,0
Не удовлетворяй.,1
Не домучься!,4
Раздражи!,4
Она стеснялась?,2
Она не огорчила.,0
Она не развлекала?,2
Не сникай!,0
Не изнемогай.,0
Сожалей.,1
Не расцвети?,2
Восторгай?,0
Она не раздражила!,4
Не негодуй!,4
Не ужаснись.,0
Не повеселись.,1
Воскрешай!,0
Леденей!,4
Не посмеивайся!,1
Не печалься?,2
Она вытерпела!,0
Не интересуйся.,1
Она ликовала.,0
Смущайся!,3
Сконфузься?,3
Не злобься!,4
Она убивала.,4
Она развлекла?,2
Она не огорчала!,0
Угнетай?,2
Не беспокойся!,0
Она ужаснулась?,3
Не помрачись.,0
Поразись!,0
Не злобствуй!,4
Восторгай!,0
Она прискучила?,2
Она не беспокоила?,2
Она испугала!,3
Она не сникала!,0
Она не удовлетворилась!,1
Не переболей.,4
Порази!,2
Она не утомилась!,4
Она воспрянула?,0
Она не возмутилась!,4
Не сердись.,0
Воодушевись!,0
Не развлеки?,2
Она не прослезилась.,0
Она не любовалась.,1
Она наскучивала!,4
Она не омрачала.,0
Она не устрашилась.,0
Утомись?,2
Подшучивай.,0
Перетрусь!,3
Поникни?,1
Она не разгневала!,0
Она дрейфила?,3
Не обижайся.,0
Она не удовлетворяла.,1
Она не радовала?,1
Она истомилась.,1
Она угнетала!,1
Приунывай?,1
Не терзайся.,0
Она не уважала?,2
Не удовольствуйся.,1
Она не удовлетворилась?,2
Обижайся!,1
Осточертей.,4
Она не развлекалась!,1
Погрусти?,1
Не упивайся!,4
Она унывала.,1
Она приуныла!,1
Она не взбодрилась?,1
Она сокрушалась!,1
Она не улыбнулась!,1
Не фыркай!,4
Она потрясала?,2
Не испугайся!,4
Не воспрянь.,1
Она ужасалась.,3
Она обеспокоилась.,3
Не беси?,2
Она встряхнулась.,0
Она намыкалась.,4
Не изумись!,4
Не тревожься.,0
Не окрыли!,4
Не печалься.,0
Она поднимала?,2
Она тревожилась!,3
Она удручала.,1
Она раздосадовалась?,1
Она содрогалась?,2
Недоумевай.,2
Она затравила?,2
Она позлилась.,4
Истомись!,1
Она поражалась?,2
Она не загрустила!,0
Мучь?,1
Она не освежила?,2
Она не подивила!,4
Не страши!,4
Измайся.,1
Поплачь.,1
Она не переболела.,1
Не взбелени!,4
Она не подбодрилась!,1
Не разобидься.,4
Она не фыркала!,4
Не рассмейся?,2
Не беспокой?,2
Она не надулась!,0
Она унывала?,1
Не хмурься!,0
Она изнемогала!,1
Не жалей!,0
Она проклинала!,4
Она устрашала.,3
Она не точила?,2
Она не разъярила!,4
Позли!,4
Не натерпись?,2
Не вдохновляйся.,1
Не радуйся!,1
Освежись!,0
Труси!,3
Устрашайся?,3
Опечаливай.,1
Она взгрустнула?,1
Не воодушевись?,2
Погрусти!,1
Она не испугала!,0
Она не встревожила?,2
Она замучивалась.,1
Переутоми?,2
Она восхищала!,0
Она не возрадовалась?,1
Не опупей.,4
Не улыбнись?,2
Светись?,2
Убойся?,3
Она цвела.,0
Не насладись.,1
Не улыбнись!,1
Не смейся!,4
Она не раздражилась?,3
Презирай!,4
Она взорвалась.,4
Проклинай.,4
Не восторгайся!,1
Она не страдала.,0
Она скисла!,1
Наскучь?,2
Она не хмурилась?,2
Она не захандрила!,0
Не хандри!,0
Беспокой.,3
Подбодрись?,0
Она огорчилась.,1
Не недоумевай?,4
Возмути!,4
Она расстроила!,1
Она сосала!,2
Она расстроила?,1
Она струсила.,3
Улыбайся?,0
Она не перепугалась!,0
Разгневайся.,4
Не светись!,1
Не предвкушай!,4
Она скисала.,1
Она дулась?,1
Не шантажируй?,2
Она обозлила!,4
Злобствуй?,4
Она прослезилась.,1
Она не порадовалась!,4
Не переболей?,4
Злобься!,4
Грусти?,1
Она не хихикала!,1
Ужасни?,3
Она сникла?,1
Она обожглась!,3
Она не подивилась!,2
Она настрадалась?,1
Она измучилась.,1
Убивайся.,1
Не радуй?,1
Не злобься?,2
Не ненавидь?,1
Она сдрейфила!,3
Она изумлялась.,2
Она не удовлетворилась.,1
Она омрачалась!,1
Не подшучивай?,2
Побойся?,3
Она не удивляла?,2
Она не струхнула!,0
Она не расстраивала?,2
Не освежись!,1
Она не заскучала?,2
Она переутомляла!,4
Не надоешь!,2
Сломи!,4
Не испугай?,2
Она изнывала.,1
Она намыкалась!,4
Не веселись!,1
Она не погрустила?,1
Не воодушевись!,1
Веселись!,0
Переутомляй.,1
Разозли?,4
Она не сдрейфила?,2
Сокруши.,4
Не утомись.,0
Она не помрачалась.,0
Она не сникла!,0
Не возликуй!,1
Выматывай!,4
Она не озлобилась?,3
Опупей!,2
Плачь?,1
Она не помрачалась?,2
Не подружись!,4
Не услаждайся.,1
Она поразила!,2
Она соскучилась!,1
Не измочаливай!,4
Она проплакала?,1
Дуйся?,2
Она замучивалась!,1
Встряхнись.,0
Не омрачайся.,0
Она не домучилась?,4
Помучься?,1
Она не отчаивалась?,0
Она бесила.,4
Улыбнись.,0
Серчай.,4
Не развеселись!,1
Она убоялась!,3
Она не подступала?,3
Она не сердила?,2
Ненавидь!,4
Не оживи?,2
Она смущала.,3
Она отпугивала!,3
Она не опостылела!,4
Она не опечалилась?,1
Не воскреси?,2
Не покайся?,2
Она страшила.,3
Она взволновала!,0
Она освежалась!,0
Она не надулась?,2
Не развлекись!,4
Она не понравилась.,1
Она хмурилась!,4
Тоскуй.,1
Она не воодушевилась!,1
Она не ужаснула!,0
Она ярилась!,4
Она не расцвела.,1
Она хихикала!,0
Она удручила?,1
Умаивай!,1
Невзлюби.,4
Она удивлялась?,2
Она повеселилась!,0
Она изумилась!,2
Она не обрадовалась.,1
Она беспокоилась!,3
Помучься!,4
Она изнемогала.,1
Не расстраивай.,1
Она возненавидела?,3
Не разволнуй?,2
Она потрясала.,2
Она прискучивала!,1
Она не побаивалась.,0
Не затоскуй?,0
Оживи!,0
Она не насыщалась.,4
Она не забоялась!,0
Она вымотала.,1
Она порадовала?,0
Она страшилась!,3
Не радуйся?,1
Стесняйся.,3
Она шантажировала!,3
Не взбеси!,4
Она прискучивала.,1
Она не веселилась.,1
Сникни!,1
Не переволнуйся!,4
Она не пошутила.,1
Она не озлилась?,3
Не восхищайся.,1
Не скорби.,0
Она возмутилась?,2
Она не гнела!,4
Она изнемогала?,1
Она рассердилась!,4
Не выстрадай?,2
Встряхнись!,0
Фыркай?,2
Порадуй!,0
Она надивилась!,2
Смущайся.,3
Она перетерпела.,1
Не терпи?,4
Она веселила?,0
Не порадуй?,1
Она разочаровалась?,1
Изведись?,1
Она перетрусила.,3
Сдрейфи.,3
Она не повеселела!,1
Разнервничайся!,3
Не насладись?,1
Ликуй.,0
Она не беспокоила!,4
Не оживи!,4
Она не разозлила!,4
Не забеспокойся?,2
Она изматывала.,1
Не разъярись.,3
Не горюй.,0
Шантажируй!,4
Пригорюнься?,1
Она не процветала.,1
Вымотай?,2
Она не улыбалась.,1
Не взволнуй?,2
Она казнилась.,1
Сконфузься!,3
Не порадуйся?,2
Не скисай!,0
Не угнетай!,4
Не остолбеней.,4
Не намучься!,4
Не перепугай?,2
Не огорчись.,0
Она не надивилась?,2
Она не рассмешила!,1
Она не давила?,2
Не обидь!,4
Она не балдела?,1
Она фыркала?,0
Не воскреси!,3
Поощряй.,0
Смущай!,0
Бесись.,4
Обидься!,1
Не мечтай?,4
Раздражи?,4
Не рассердись?,2
Выматывай.,1
Изнервничайся!,3
Жги?,0
Не истерзайся?,2
Обалдей.,2
Она не обрадовала?,1
Она не измочалила.,1
Не удовлетворяйся!,1
Восхищай!,0
Она топала!,4
Она раздавила!,0
Она не замучилась?,1
Она не взбесилась!,4
Не возненавидь.,0
Обрадуйся!,0
Не огорчай!,0
Она развлекала.,0
Не скисни!,0
Она не опупела!,4
Зли.,0
Не смейся?,2
Озлобляй!,4
Она не прогневала?,2
Она раздразнивала!,0
Захватывай!,0
Она не струхнула?,2
Она встревожила?,3
Смейся?,0
Не разволнуй.,3
Замучивайся!,1
Она поволновалась!,3
Пугай.,3
Она угрюмела.,1
Она взорвалась!,2
Рассмеши.,0
Она не стервенела?,2
Не сторонись?,2
Она горевала?,1
Процветай!,0
Она не ошеломила!,4
Она рыдала!,1
Она хихикала.,0
Злобствуй!,4
Расцветай?,2
Она не изнемогала.,0
Огорчай.,1
Она дрейфила.,3
Покайся?,4
Не омрачи.,0
Восхищай.,0
Злорадствуй?,4
Не хлебни!,4
Майся?,4
Не рыдай.,4
Она не злорадствовала?,2
Затоскуй?,1
Ободряйся.,0
Она не натерпелась.,4
Злись?,4
Не ярись?,4
Возмутись?,4
Не омрачай!,4
Она не перевернула!,0
Не изнервничайся.,4
Она негодовала!,4
Озлобляй.,4
Не истоскуйся!,0
Она цвела?,2
Не возрадуйся?,2
Она смущалась!,3
